<?xml version="1.0" encoding="UTF-8"?>
<questestinterop xmlns="http://www.imsglobal.org/xsd/ims_qtiasiv1p2" xmlns:xsi="http://www.w3.org/2001/XMLSchema-instance" xsi:schemaLocation="http://www.imsglobal.org/xsd/ims_qtiasiv1p2 http://www.imsglobal.org/xsd/ims_qtiasiv1p2p1.xsd">
  <assessment ident="654651c2b7d47" title="gift">
    <section ident="root_section">
      <item title="Q1" ident="654651c2b7d47_100">
        <itemmetadata>
          <qtimetadata>
            <qtimetadatafield>
              <fieldlabel>question_type</fieldlabel>
              <fieldentry>multiple_choice_question</fieldentry>
            </qtimetadatafield>
            <qtimetadatafield>
              <fieldlabel>points_possible</fieldlabel>
              <fieldentry>1</fieldentry>
            </qtimetadatafield>
            <qtimetadatafield>
              <fieldlabel>assessment_question_identifierref</fieldlabel>
              <fieldentry>654651c2b7d47_101</fieldentry>
            </qtimetadatafield>
          </qtimetadata>
        </itemmetadata>
        <presentation>
          <material>
            <mattext texttype="text/html">Looking at the Object Oriented Patterns aross various languages,
which of the languages does not use the &amp;quot;new&amp;quot; operator to create an
instance from a class?</mattext>
          </material>
          <response_lid ident="response1" rcardinality="Single">
            <render_choice shuffle="Yes">
              <response_label ident="102">
                <material>
                  <mattext texttype="text/html">Python</mattext>
                </material>
              </response_label>
              <response_label ident="103">
                <material>
                  <mattext texttype="text/html">Java</mattext>
                </material>
              </response_label>
              <response_label ident="104">
                <material>
                  <mattext texttype="text/html">JavaScript</mattext>
                </material>
              </response_label>
              <response_label ident="105">
                <material>
                  <mattext texttype="text/html">PHP</mattext>
                </material>
              </response_label>
              <response_label ident="106">
                <material>
                  <mattext texttype="text/html">C++</mattext>
                </material>
              </response_label>
            </render_choice>
          </response_lid>
        </presentation>
        <resprocessing>
          <outcomes>
            <decvar maxvalue="100" minvalue="0" varname="SCORE" vartype="Decimal"/>
          </outcomes>
          <respcondition continue="No">
            <conditionvar>
              <varequal respident="response1">102</varequal>
            </conditionvar>
            <setvar action="Set" varname="SCORE">100</setvar>
          </respcondition>
        </resprocessing>
      </item>
      <item title="Q2" ident="654651c2b7d47_107">
        <itemmetadata>
          <qtimetadata>
            <qtimetadatafield>
              <fieldlabel>question_type</fieldlabel>
              <fieldentry>multiple_choice_question</fieldentry>
            </qtimetadatafield>
            <qtimetadatafield>
              <fieldlabel>points_possible</fieldlabel>
              <fieldentry>1</fieldentry>
            </qtimetadatafield>
            <qtimetadatafield>
              <fieldlabel>assessment_question_identifierref</fieldlabel>
              <fieldentry>654651c2b7d47_108</fieldentry>
            </qtimetadatafield>
          </qtimetadata>
        </itemmetadata>
        <presentation>
          <material>
            <mattext texttype="text/html">Most OO Patterns use the period or dot (.) operator to access an
attribute within an instance.  Which language does not support use the dot
operator to access an attribute within an instance</mattext>
          </material>
          <response_lid ident="response1" rcardinality="Single">
            <render_choice shuffle="Yes">
              <response_label ident="109">
                <material>
                  <mattext texttype="text/html">Python</mattext>
                </material>
              </response_label>
              <response_label ident="110">
                <material>
                  <mattext texttype="text/html">Java</mattext>
                </material>
              </response_label>
              <response_label ident="111">
                <material>
                  <mattext texttype="text/html">JavaScript</mattext>
                </material>
              </response_label>
              <response_label ident="112">
                <material>
                  <mattext texttype="text/html">PHP</mattext>
                </material>
              </response_label>
              <response_label ident="113">
                <material>
                  <mattext texttype="text/html">C++</mattext>
                </material>
              </response_label>
            </render_choice>
          </response_lid>
        </presentation>
        <resprocessing>
          <outcomes>
            <decvar maxvalue="100" minvalue="0" varname="SCORE" vartype="Decimal"/>
          </outcomes>
          <respcondition continue="No">
            <conditionvar>
              <varequal respident="response1">112</varequal>
            </conditionvar>
            <setvar action="Set" varname="SCORE">100</setvar>
          </respcondition>
        </resprocessing>
      </item>
      <item title="Q3" ident="654651c2b7d47_114">
        <itemmetadata>
          <qtimetadata>
            <qtimetadatafield>
              <fieldlabel>question_type</fieldlabel>
              <fieldentry>multiple_choice_question</fieldentry>
            </qtimetadatafield>
            <qtimetadatafield>
              <fieldlabel>points_possible</fieldlabel>
              <fieldentry>1</fieldentry>
            </qtimetadatafield>
            <qtimetadatafield>
              <fieldlabel>assessment_question_identifierref</fieldlabel>
              <fieldentry>654651c2b7d47_115</fieldentry>
            </qtimetadatafield>
          </qtimetadata>
        </itemmetadata>
        <presentation>
          <material>
            <mattext texttype="text/html">Which OO language was initially implemented using a pre-processing pass?</mattext>
          </material>
          <response_lid ident="response1" rcardinality="Single">
            <render_choice shuffle="Yes">
              <response_label ident="116">
                <material>
                  <mattext texttype="text/html">Python</mattext>
                </material>
              </response_label>
              <response_label ident="117">
                <material>
                  <mattext texttype="text/html">Java</mattext>
                </material>
              </response_label>
              <response_label ident="118">
                <material>
                  <mattext texttype="text/html">JavaScript</mattext>
                </material>
              </response_label>
              <response_label ident="119">
                <material>
                  <mattext texttype="text/html">PHP</mattext>
                </material>
              </response_label>
              <response_label ident="120">
                <material>
                  <mattext texttype="text/html">C++</mattext>
                </material>
              </response_label>
            </render_choice>
          </response_lid>
        </presentation>
        <resprocessing>
          <outcomes>
            <decvar maxvalue="100" minvalue="0" varname="SCORE" vartype="Decimal"/>
          </outcomes>
          <respcondition continue="No">
            <conditionvar>
              <varequal respident="response1">120</varequal>
            </conditionvar>
            <setvar action="Set" varname="SCORE">100</setvar>
          </respcondition>
        </resprocessing>
      </item>
      <item title="Q4" ident="654651c2b7d47_121">
        <itemmetadata>
          <qtimetadata>
            <qtimetadatafield>
              <fieldlabel>question_type</fieldlabel>
              <fieldentry>multiple_choice_question</fieldentry>
            </qtimetadatafield>
            <qtimetadatafield>
              <fieldlabel>points_possible</fieldlabel>
              <fieldentry>1</fieldentry>
            </qtimetadatafield>
            <qtimetadatafield>
              <fieldlabel>assessment_question_identifierref</fieldlabel>
              <fieldentry>654651c2b7d47_122</fieldentry>
            </qtimetadatafield>
          </qtimetadata>
        </itemmetadata>
        <presentation>
          <material>
            <mattext texttype="text/html">What is the country where the Simula language was developed?</mattext>
          </material>
          <response_lid ident="response1" rcardinality="Single">
            <render_choice shuffle="Yes">
              <response_label ident="123">
                <material>
                  <mattext texttype="text/html">Finland</mattext>
                </material>
              </response_label>
              <response_label ident="124">
                <material>
                  <mattext texttype="text/html">Switzerland</mattext>
                </material>
              </response_label>
              <response_label ident="125">
                <material>
                  <mattext texttype="text/html">The Netherlands</mattext>
                </material>
              </response_label>
              <response_label ident="126">
                <material>
                  <mattext texttype="text/html">Denmark</mattext>
                </material>
              </response_label>
              <response_label ident="127">
                <material>
                  <mattext texttype="text/html">Norway</mattext>
                </material>
              </response_label>
            </render_choice>
          </response_lid>
        </presentation>
        <resprocessing>
          <outcomes>
            <decvar maxvalue="100" minvalue="0" varname="SCORE" vartype="Decimal"/>
          </outcomes>
          <respcondition continue="No">
            <conditionvar>
              <varequal respident="response1">127</varequal>
            </conditionvar>
            <setvar action="Set" varname="SCORE">100</setvar>
          </respcondition>
        </resprocessing>
      </item>
      <item title="Q5" ident="654651c2b7d47_128">
        <itemmetadata>
          <qtimetadata>
            <qtimetadatafield>
              <fieldlabel>question_type</fieldlabel>
              <fieldentry>multiple_choice_question</fieldentry>
            </qtimetadatafield>
            <qtimetadatafield>
              <fieldlabel>points_possible</fieldlabel>
              <fieldentry>1</fieldentry>
            </qtimetadatafield>
            <qtimetadatafield>
              <fieldlabel>assessment_question_identifierref</fieldlabel>
              <fieldentry>654651c2b7d47_129</fieldentry>
            </qtimetadatafield>
          </qtimetadata>
        </itemmetadata>
        <presentation>
          <material>
            <mattext texttype="text/html">What is the country where the creator of C++ was pursuing a Ph.D. when
he laid down the concepts that would become C++;</mattext>
          </material>
          <response_lid ident="response1" rcardinality="Single">
            <render_choice shuffle="Yes">
              <response_label ident="130">
                <material>
                  <mattext texttype="text/html">Finland</mattext>
                </material>
              </response_label>
              <response_label ident="131">
                <material>
                  <mattext texttype="text/html">Switzerland</mattext>
                </material>
              </response_label>
              <response_label ident="132">
                <material>
                  <mattext texttype="text/html">The Netherlands</mattext>
                </material>
              </response_label>
              <response_label ident="133">
                <material>
                  <mattext texttype="text/html">Denmark</mattext>
                </material>
              </response_label>
              <response_label ident="134">
                <material>
                  <mattext texttype="text/html">Norway</mattext>
                </material>
              </response_label>
            </render_choice>
          </response_lid>
        </presentation>
        <resprocessing>
          <outcomes>
            <decvar maxvalue="100" minvalue="0" varname="SCORE" vartype="Decimal"/>
          </outcomes>
          <respcondition continue="No">
            <conditionvar>
              <varequal respident="response1">133</varequal>
            </conditionvar>
            <setvar action="Set" varname="SCORE">100</setvar>
          </respcondition>
        </resprocessing>
      </item>
      <item title="Q6" ident="654651c2b7d47_135">
        <itemmetadata>
          <qtimetadata>
            <qtimetadatafield>
              <fieldlabel>question_type</fieldlabel>
              <fieldentry>multiple_choice_question</fieldentry>
            </qtimetadatafield>
            <qtimetadatafield>
              <fieldlabel>points_possible</fieldlabel>
              <fieldentry>1</fieldentry>
            </qtimetadatafield>
            <qtimetadatafield>
              <fieldlabel>assessment_question_identifierref</fieldlabel>
              <fieldentry>654651c2b7d47_136</fieldentry>
            </qtimetadatafield>
          </qtimetadata>
        </itemmetadata>
        <presentation>
          <material>
            <mattext texttype="text/html">What is the country is where Linux was initially implemented?</mattext>
          </material>
          <response_lid ident="response1" rcardinality="Single">
            <render_choice shuffle="Yes">
              <response_label ident="137">
                <material>
                  <mattext texttype="text/html">Finland</mattext>
                </material>
              </response_label>
              <response_label ident="138">
                <material>
                  <mattext texttype="text/html">Switzerland</mattext>
                </material>
              </response_label>
              <response_label ident="139">
                <material>
                  <mattext texttype="text/html">The Netherlands</mattext>
                </material>
              </response_label>
              <response_label ident="140">
                <material>
                  <mattext texttype="text/html">Denmark</mattext>
                </material>
              </response_label>
              <response_label ident="141">
                <material>
                  <mattext texttype="text/html">Norway</mattext>
                </material>
              </response_label>
            </render_choice>
          </response_lid>
        </presentation>
        <resprocessing>
          <outcomes>
            <decvar maxvalue="100" minvalue="0" varname="SCORE" vartype="Decimal"/>
          </outcomes>
          <respcondition continue="No">
            <conditionvar>
              <varequal respident="response1">137</varequal>
            </conditionvar>
            <setvar action="Set" varname="SCORE">100</setvar>
          </respcondition>
        </resprocessing>
      </item>
      <item title="Q7" ident="654651c2b7d47_142">
        <itemmetadata>
          <qtimetadata>
            <qtimetadatafield>
              <fieldlabel>question_type</fieldlabel>
              <fieldentry>multiple_choice_question</fieldentry>
            </qtimetadatafield>
            <qtimetadatafield>
              <fieldlabel>points_possible</fieldlabel>
              <fieldentry>1</fieldentry>
            </qtimetadatafield>
            <qtimetadatafield>
              <fieldlabel>assessment_question_identifierref</fieldlabel>
              <fieldentry>654651c2b7d47_143</fieldentry>
            </qtimetadatafield>
          </qtimetadata>
        </itemmetadata>
        <presentation>
          <material>
            <mattext texttype="text/html">In Python what does &amp;quot;self&amp;quot; generally represent?</mattext>
          </material>
          <response_lid ident="response1" rcardinality="Single">
            <render_choice shuffle="Yes">
              <response_label ident="144">
                <material>
                  <mattext texttype="text/html">The instance</mattext>
                </material>
              </response_label>
              <response_label ident="145">
                <material>
                  <mattext texttype="text/html">The class</mattext>
                </material>
              </response_label>
              <response_label ident="146">
                <material>
                  <mattext texttype="text/html">The entry point of the mian program</mattext>
                </material>
              </response_label>
              <response_label ident="147">
                <material>
                  <mattext texttype="text/html">The string representation of an object</mattext>
                </material>
              </response_label>
            </render_choice>
          </response_lid>
        </presentation>
        <resprocessing>
          <outcomes>
            <decvar maxvalue="100" minvalue="0" varname="SCORE" vartype="Decimal"/>
          </outcomes>
          <respcondition continue="No">
            <conditionvar>
              <varequal respident="response1">144</varequal>
            </conditionvar>
            <setvar action="Set" varname="SCORE">100</setvar>
          </respcondition>
        </resprocessing>
      </item>
      <item title="Q8" ident="654651c2b7d47_148">
        <itemmetadata>
          <qtimetadata>
            <qtimetadatafield>
              <fieldlabel>question_type</fieldlabel>
              <fieldentry>multiple_choice_question</fieldentry>
            </qtimetadatafield>
            <qtimetadatafield>
              <fieldlabel>points_possible</fieldlabel>
              <fieldentry>1</fieldentry>
            </qtimetadatafield>
            <qtimetadatafield>
              <fieldlabel>assessment_question_identifierref</fieldlabel>
              <fieldentry>654651c2b7d47_149</fieldentry>
            </qtimetadatafield>
          </qtimetadata>
        </itemmetadata>
        <presentation>
          <material>
            <mattext texttype="text/html">In Java, what is the concept that is equivalent to the &amp;quot;self&amp;quot;
concept in Python.</mattext>
          </material>
          <response_lid ident="response1" rcardinality="Single">
            <render_choice shuffle="Yes">
              <response_label ident="150">
                <material>
                  <mattext texttype="text/html">this</mattext>
                </material>
              </response_label>
              <response_label ident="151">
                <material>
                  <mattext texttype="text/html">self-ish</mattext>
                </material>
              </response_label>
              <response_label ident="152">
                <material>
                  <mattext texttype="text/html">new</mattext>
                </material>
              </response_label>
              <response_label ident="153">
                <material>
                  <mattext texttype="text/html">__init__</mattext>
                </material>
              </response_label>
            </render_choice>
          </response_lid>
        </presentation>
        <resprocessing>
          <outcomes>
            <decvar maxvalue="100" minvalue="0" varname="SCORE" vartype="Decimal"/>
          </outcomes>
          <respcondition continue="No">
            <conditionvar>
              <varequal respident="response1">150</varequal>
            </conditionvar>
            <setvar action="Set" varname="SCORE">100</setvar>
          </respcondition>
        </resprocessing>
      </item>
      <item title="Q9" ident="654651c2b7d47_154">
        <itemmetadata>
          <qtimetadata>
            <qtimetadatafield>
              <fieldlabel>question_type</fieldlabel>
              <fieldentry>multiple_choice_question</fieldentry>
            </qtimetadatafield>
            <qtimetadatafield>
              <fieldlabel>points_possible</fieldlabel>
              <fieldentry>1</fieldentry>
            </qtimetadatafield>
            <qtimetadatafield>
              <fieldlabel>assessment_question_identifierref</fieldlabel>
              <fieldentry>654651c2b7d47_155</fieldentry>
            </qtimetadatafield>
          </qtimetadata>
        </itemmetadata>
        <presentation>
          <material>
            <mattext texttype="text/html">Which of the languages in the lecture away from being a hybrid
OO approach and towards a more &amp;quot;pure&amp;quot; OO apprach?</mattext>
          </material>
          <response_lid ident="response1" rcardinality="Single">
            <render_choice shuffle="Yes">
              <response_label ident="156">
                <material>
                  <mattext texttype="text/html">JavaScript</mattext>
                </material>
              </response_label>
              <response_label ident="157">
                <material>
                  <mattext texttype="text/html">Java</mattext>
                </material>
              </response_label>
              <response_label ident="158">
                <material>
                  <mattext texttype="text/html">perl</mattext>
                </material>
              </response_label>
              <response_label ident="159">
                <material>
                  <mattext texttype="text/html">C-Sharp</mattext>
                </material>
              </response_label>
            </render_choice>
          </response_lid>
        </presentation>
        <resprocessing>
          <outcomes>
            <decvar maxvalue="100" minvalue="0" varname="SCORE" vartype="Decimal"/>
          </outcomes>
          <respcondition continue="No">
            <conditionvar>
              <varequal respident="response1">156</varequal>
            </conditionvar>
            <setvar action="Set" varname="SCORE">100</setvar>
          </respcondition>
        </resprocessing>
      </item>
      <item title="Q10" ident="654651c2b7d47_160">
        <itemmetadata>
          <qtimetadata>
            <qtimetadatafield>
              <fieldlabel>question_type</fieldlabel>
              <fieldentry>multiple_choice_question</fieldentry>
            </qtimetadatafield>
            <qtimetadatafield>
              <fieldlabel>points_possible</fieldlabel>
              <fieldentry>1</fieldentry>
            </qtimetadatafield>
            <qtimetadatafield>
              <fieldlabel>assessment_question_identifierref</fieldlabel>
              <fieldentry>654651c2b7d47_161</fieldentry>
            </qtimetadatafield>
          </qtimetadata>
        </itemmetadata>
        <presentation>
          <material>
            <mattext texttype="text/html">What is the C library routine that can be used to make a
an area of dynamically allocated memory larger?</mattext>
          </material>
          <response_lid ident="response1" rcardinality="Single">
            <render_choice shuffle="Yes">
              <response_label ident="162">
                <material>
                  <mattext texttype="text/html">realloc()</mattext>
                </material>
              </response_label>
              <response_label ident="163">
                <material>
                  <mattext texttype="text/html">malloc()</mattext>
                </material>
              </response_label>
              <response_label ident="164">
                <material>
                  <mattext texttype="text/html">calloc()</mattext>
                </material>
              </response_label>
              <response_label ident="165">
                <material>
                  <mattext texttype="text/html">extend()</mattext>
                </material>
              </response_label>
              <response_label ident="166">
                <material>
                  <mattext texttype="text/html">exalloc()</mattext>
                </material>
              </response_label>
            </render_choice>
          </response_lid>
        </presentation>
        <resprocessing>
          <outcomes>
            <decvar maxvalue="100" minvalue="0" varname="SCORE" vartype="Decimal"/>
          </outcomes>
          <respcondition continue="No">
            <conditionvar>
              <varequal respident="response1">162</varequal>
            </conditionvar>
            <setvar action="Set" varname="SCORE">100</setvar>
          </respcondition>
        </resprocessing>
      </item>
      <item title="Q11" ident="654651c2b7d47_167">
        <itemmetadata>
          <qtimetadata>
            <qtimetadatafield>
              <fieldlabel>question_type</fieldlabel>
              <fieldentry>multiple_choice_question</fieldentry>
            </qtimetadatafield>
            <qtimetadatafield>
              <fieldlabel>points_possible</fieldlabel>
              <fieldentry>1</fieldentry>
            </qtimetadatafield>
            <qtimetadatafield>
              <fieldlabel>assessment_question_identifierref</fieldlabel>
              <fieldentry>654651c2b7d47_168</fieldentry>
            </qtimetadatafield>
          </qtimetadata>
        </itemmetadata>
        <presentation>
          <material>
            <mattext texttype="text/html">What is wrong with this code segment?
&lt;pre&gt;
    free(thing);
    (thing-&gt;value)++;
&lt;/pre&gt;</mattext>
          </material>
          <response_lid ident="response1" rcardinality="Single">
            <render_choice shuffle="Yes">
              <response_label ident="169">
                <material>
                  <mattext texttype="text/html">After data is freed, it should no longer be considered valid</mattext>
                </material>
              </response_label>
              <response_label ident="170">
                <material>
                  <mattext texttype="text/html">Using parenthesis and then increment is only allowed for register variables</mattext>
                </material>
              </response_label>
              <response_label ident="171">
                <material>
                  <mattext texttype="text/html">This will only work on little-endian systems because of allocation layout</mattext>
                </material>
              </response_label>
              <response_label ident="172">
                <material>
                  <mattext texttype="text/html">There is no free() function, it should be wild(thing)</mattext>
                </material>
              </response_label>
            </render_choice>
          </response_lid>
        </presentation>
        <resprocessing>
          <outcomes>
            <decvar maxvalue="100" minvalue="0" varname="SCORE" vartype="Decimal"/>
          </outcomes>
          <respcondition continue="No">
            <conditionvar>
              <varequal respident="response1">169</varequal>
            </conditionvar>
            <setvar action="Set" varname="SCORE">100</setvar>
          </respcondition>
        </resprocessing>
      </item>
      <item title="Q12" ident="654651c2b7d47_173">
        <itemmetadata>
          <qtimetadata>
            <qtimetadatafield>
              <fieldlabel>question_type</fieldlabel>
              <fieldentry>multiple_choice_question</fieldentry>
            </qtimetadatafield>
            <qtimetadatafield>
              <fieldlabel>points_possible</fieldlabel>
              <fieldentry>1</fieldentry>
            </qtimetadatafield>
            <qtimetadatafield>
              <fieldlabel>assessment_question_identifierref</fieldlabel>
              <fieldentry>654651c2b7d47_174</fieldentry>
            </qtimetadatafield>
          </qtimetadata>
        </itemmetadata>
        <presentation>
          <material>
            <mattext texttype="text/html">These questions come from the Guido van Rossum blog post titled,
"Support for User-defined Classes", written by Guido van Rossum.
&lt;p&gt;
Which language provided most of the inspiration for user classes in Python?</mattext>
          </material>
          <response_lid ident="response1" rcardinality="Single">
            <render_choice shuffle="Yes">
              <response_label ident="175">
                <material>
                  <mattext texttype="text/html">C++</mattext>
                </material>
              </response_label>
              <response_label ident="176">
                <material>
                  <mattext texttype="text/html">Simula</mattext>
                </material>
              </response_label>
              <response_label ident="177">
                <material>
                  <mattext texttype="text/html">Pascal</mattext>
                </material>
              </response_label>
              <response_label ident="178">
                <material>
                  <mattext texttype="text/html">perl</mattext>
                </material>
              </response_label>
            </render_choice>
          </response_lid>
        </presentation>
        <resprocessing>
          <outcomes>
            <decvar maxvalue="100" minvalue="0" varname="SCORE" vartype="Decimal"/>
          </outcomes>
          <respcondition continue="No">
            <conditionvar>
              <varequal respident="response1">175</varequal>
            </conditionvar>
            <setvar action="Set" varname="SCORE">100</setvar>
          </respcondition>
        </resprocessing>
      </item>
      <item title="Q13" ident="654651c2b7d47_179">
        <itemmetadata>
          <qtimetadata>
            <qtimetadatafield>
              <fieldlabel>question_type</fieldlabel>
              <fieldentry>multiple_choice_question</fieldentry>
            </qtimetadatafield>
            <qtimetadatafield>
              <fieldlabel>points_possible</fieldlabel>
              <fieldentry>1</fieldentry>
            </qtimetadatafield>
            <qtimetadatafield>
              <fieldlabel>assessment_question_identifierref</fieldlabel>
              <fieldentry>654651c2b7d47_180</fieldentry>
            </qtimetadatafield>
          </qtimetadata>
        </itemmetadata>
        <presentation>
          <material>
            <mattext texttype="text/html">Where did the initial implementation of classes in Python store attribute values?</mattext>
          </material>
          <response_lid ident="response1" rcardinality="Single">
            <render_choice shuffle="Yes">
              <response_label ident="181">
                <material>
                  <mattext texttype="text/html">The instance dictionary</mattext>
                </material>
              </response_label>
              <response_label ident="182">
                <material>
                  <mattext texttype="text/html">As pickled strings</mattext>
                </material>
              </response_label>
              <response_label ident="183">
                <material>
                  <mattext texttype="text/html">As bit fields in a long integer</mattext>
                </material>
              </response_label>
              <response_label ident="184">
                <material>
                  <mattext texttype="text/html">In cookies as created by the Python &amp;quot;cookie cutter&amp;quot;</mattext>
                </material>
              </response_label>
            </render_choice>
          </response_lid>
        </presentation>
        <resprocessing>
          <outcomes>
            <decvar maxvalue="100" minvalue="0" varname="SCORE" vartype="Decimal"/>
          </outcomes>
          <respcondition continue="No">
            <conditionvar>
              <varequal respident="response1">181</varequal>
            </conditionvar>
            <setvar action="Set" varname="SCORE">100</setvar>
          </respcondition>
        </resprocessing>
      </item>
      <item title="Q14" ident="654651c2b7d47_185">
        <itemmetadata>
          <qtimetadata>
            <qtimetadatafield>
              <fieldlabel>question_type</fieldlabel>
              <fieldentry>multiple_choice_question</fieldentry>
            </qtimetadatafield>
            <qtimetadatafield>
              <fieldlabel>points_possible</fieldlabel>
              <fieldentry>1</fieldentry>
            </qtimetadatafield>
            <qtimetadatafield>
              <fieldlabel>assessment_question_identifierref</fieldlabel>
              <fieldentry>654651c2b7d47_186</fieldentry>
            </qtimetadatafield>
          </qtimetadata>
        </itemmetadata>
        <presentation>
          <material>
            <mattext texttype="text/html">Where did the initial implementation of classes in Python store method pointers?</mattext>
          </material>
          <response_lid ident="response1" rcardinality="Single">
            <render_choice shuffle="Yes">
              <response_label ident="187">
                <material>
                  <mattext texttype="text/html">The class dictionary</mattext>
                </material>
              </response_label>
              <response_label ident="188">
                <material>
                  <mattext texttype="text/html">As pickled strings</mattext>
                </material>
              </response_label>
              <response_label ident="189">
                <material>
                  <mattext texttype="text/html">As bit fields in a long integer</mattext>
                </material>
              </response_label>
              <response_label ident="190">
                <material>
                  <mattext texttype="text/html">In cookies as created by the Python &amp;quot;cookie cutter&amp;quot;</mattext>
                </material>
              </response_label>
            </render_choice>
          </response_lid>
        </presentation>
        <resprocessing>
          <outcomes>
            <decvar maxvalue="100" minvalue="0" varname="SCORE" vartype="Decimal"/>
          </outcomes>
          <respcondition continue="No">
            <conditionvar>
              <varequal respident="response1">187</varequal>
            </conditionvar>
            <setvar action="Set" varname="SCORE">100</setvar>
          </respcondition>
        </resprocessing>
      </item>
    </section>
  </assessment>
</questestinterop>
