<?xml version="1.0" encoding="UTF-8"?>
<questestinterop>
 <assessment title="QuizExport" ident="A1001">
   <section title="Main" ident="S1001">
     <item ident="uExb46" coursera_id="uExb46">
 <presentation>
  <material> 
   <mattext texttype="text/html"><![CDATA[<p>Which of the following is a bad C variable name?</p>]]> 
   </mattext> 
  </material>
  <response_lid ident="uExb46_RC" rcardinality="Single">
   <render_choice shuffle="Yes">
    <response_label ident="Ii3EJJ" coursera_id="Ii3EJJ">
     <material> 
      <mattext texttype="text/html"><![CDATA[<p>23spam</p>]]> 
      </mattext> 
     </material>
    </response_label>
    <response_label ident="mQaJgQ" coursera_id="mQaJgQ">
     <material> 
      <mattext texttype="text/html"><![CDATA[<p>_spam</p>]]> 
      </mattext> 
     </material>
    </response_label>
    <response_label ident="ODe2cI" coursera_id="ODe2cI">
     <material> 
      <mattext texttype="text/html"><![CDATA[<p>Spam</p>]]> 
      </mattext> 
     </material>
    </response_label>
    <response_label ident="7bSTxQ" coursera_id="7bSTxQ">
     <material> 
      <mattext texttype="text/html"><![CDATA[<p>SPAM23</p>]]> 
      </mattext> 
     </material>
    </response_label>
   </render_choice>
  </response_lid>
 </presentation>
 <resprocessing>
  <outcomes>
   <decvar vartype="Integer" defaultval="0" varname="que_score"></decvar>
  </outcomes>
  <respcondition>
   <conditionvar>
    <varequal respident="uExb46_RC">
     Ii3EJJ
    </varequal>
   </conditionvar>
   <setvar varname="que_score">
    1
   </setvar>
   <displayfeedback feedbackType="Response" linkrefid="Ii3EJJ_FB"></displayfeedback>
  </respcondition>
  <respcondition>
   <conditionvar>
    <varequal respident="uExb46_RC">
     mQaJgQ
    </varequal>
   </conditionvar>
   <setvar varname="que_score">
    0
   </setvar>
   <displayfeedback feedbackType="Response" linkrefid="mQaJgQ_FB"></displayfeedback>
  </respcondition>
  <respcondition>
   <conditionvar>
    <varequal respident="uExb46_RC">
     ODe2cI
    </varequal>
   </conditionvar>
   <setvar varname="que_score">
    0
   </setvar>
   <displayfeedback feedbackType="Response" linkrefid="ODe2cI_FB"></displayfeedback>
  </respcondition>
  <respcondition>
   <conditionvar>
    <varequal respident="uExb46_RC">
     7bSTxQ
    </varequal>
   </conditionvar>
   <setvar varname="que_score">
    0
   </setvar>
   <displayfeedback feedbackType="Response" linkrefid="7bSTxQ_FB"></displayfeedback>
  </respcondition>
 </resprocessing>
 <itemfeedback ident="Ii3EJJ_FB">
  <material></material>
 </itemfeedback>
 <itemfeedback ident="mQaJgQ_FB">
  <material></material>
 </itemfeedback>
 <itemfeedback ident="ODe2cI_FB">
  <material></material>
 </itemfeedback>
 <itemfeedback ident="7bSTxQ_FB">
  <material></material>
 </itemfeedback>
</item>
<item ident="74VY01" coursera_id="74VY01">
 <presentation>
  <material> 
   <mattext texttype="text/html"><![CDATA[<p>Assume the variable x has been initialized to an integer value (e.g., x = 3). What does the following statement do? </p>]]> 
   </mattext> 
   <mattext texttype="text/html"><![CDATA[<p> x = x + 2; </p>]]> 
   </mattext> 
  </material>
  <response_lid ident="74VY01_RC" rcardinality="Single">
   <render_choice shuffle="Yes">
    <response_label ident="AkAgUF" coursera_id="AkAgUF">
     <material> 
      <mattext texttype="text/html"><![CDATA[<p>Retrieve the current value for x, add two to it and put the sum back into x</p>]]> 
      </mattext> 
     </material>
    </response_label>
    <response_label ident="Ll3587" coursera_id="Ll3587">
     <material> 
      <mattext texttype="text/html"><![CDATA[<p>Exit the program</p>]]> 
      </mattext> 
     </material>
    </response_label>
    <response_label ident="LVgxdv" coursera_id="LVgxdv">
     <material> 
      <mattext texttype="text/html"><![CDATA[<p>This would fail as it is a syntax error</p>]]> 
      </mattext> 
     </material>
    </response_label>
    <response_label ident="yFa3k9" coursera_id="yFa3k9">
     <material> 
      <mattext texttype="text/html"><![CDATA[<p>Create a function called "x" and put the value 2 in the function</p>]]> 
      </mattext> 
     </material>
    </response_label>
   </render_choice>
  </response_lid>
 </presentation>
 <resprocessing>
  <outcomes>
   <decvar vartype="Integer" defaultval="0" varname="que_score"></decvar>
  </outcomes>
  <respcondition>
   <conditionvar>
    <varequal respident="74VY01_RC">
     AkAgUF
    </varequal>
   </conditionvar>
   <setvar varname="que_score">
    1
   </setvar>
   <displayfeedback feedbackType="Response" linkrefid="AkAgUF_FB"></displayfeedback>
  </respcondition>
  <respcondition>
   <conditionvar>
    <varequal respident="74VY01_RC">
     Ll3587
    </varequal>
   </conditionvar>
   <setvar varname="que_score">
    0
   </setvar>
   <displayfeedback feedbackType="Response" linkrefid="Ll3587_FB"></displayfeedback>
  </respcondition>
  <respcondition>
   <conditionvar>
    <varequal respident="74VY01_RC">
     LVgxdv
    </varequal>
   </conditionvar>
   <setvar varname="que_score">
    0
   </setvar>
   <displayfeedback feedbackType="Response" linkrefid="LVgxdv_FB"></displayfeedback>
  </respcondition>
  <respcondition>
   <conditionvar>
    <varequal respident="74VY01_RC">
     yFa3k9
    </varequal>
   </conditionvar>
   <setvar varname="que_score">
    0
   </setvar>
   <displayfeedback feedbackType="Response" linkrefid="yFa3k9_FB"></displayfeedback>
  </respcondition>
 </resprocessing>
 <itemfeedback ident="AkAgUF_FB">
  <material></material>
 </itemfeedback>
 <itemfeedback ident="Ll3587_FB">
  <material></material>
 </itemfeedback>
 <itemfeedback ident="LVgxdv_FB">
  <material></material>
 </itemfeedback>
 <itemfeedback ident="yFa3k9_FB">
  <material></material>
 </itemfeedback>
</item>
<item ident="49kBsv" coursera_id="49kBsv">
 <presentation>
  <material> 
   <mattext texttype="text/html"><![CDATA[<p>Which of the following elements of a mathematical expression in C is evaluated first?</p>]]> 
   </mattext> 
  </material>
  <response_lid ident="49kBsv_RC" rcardinality="Single">
   <render_choice shuffle="Yes">
    <response_label ident="zlHEam" coursera_id="zlHEam">
     <material> 
      <mattext texttype="text/html"><![CDATA[<p>Parentheses ( )</p>]]> 
      </mattext> 
     </material>
    </response_label>
    <response_label ident="Nl5bt3" coursera_id="Nl5bt3">
     <material> 
      <mattext texttype="text/html"><![CDATA[<p>Multiplication *</p>]]> 
      </mattext> 
     </material>
    </response_label>
    <response_label ident="Ajlmg1" coursera_id="Ajlmg1">
     <material> 
      <mattext texttype="text/html"><![CDATA[<p>Addition +</p>]]> 
      </mattext> 
     </material>
    </response_label>
    <response_label ident="XOc13p" coursera_id="XOc13p">
     <material> 
      <mattext texttype="text/html"><![CDATA[<p>Subtraction -</p>]]> 
      </mattext> 
     </material>
    </response_label>
   </render_choice>
  </response_lid>
 </presentation>
 <resprocessing>
  <outcomes>
   <decvar vartype="Integer" defaultval="0" varname="que_score"></decvar>
  </outcomes>
  <respcondition>
   <conditionvar>
    <varequal respident="49kBsv_RC">
     zlHEam
    </varequal>
   </conditionvar>
   <setvar varname="que_score">
    1
   </setvar>
   <displayfeedback feedbackType="Response" linkrefid="zlHEam_FB"></displayfeedback>
  </respcondition>
  <respcondition>
   <conditionvar>
    <varequal respident="49kBsv_RC">
     Nl5bt3
    </varequal>
   </conditionvar>
   <setvar varname="que_score">
    0
   </setvar>
   <displayfeedback feedbackType="Response" linkrefid="Nl5bt3_FB"></displayfeedback>
  </respcondition>
  <respcondition>
   <conditionvar>
    <varequal respident="49kBsv_RC">
     Ajlmg1
    </varequal>
   </conditionvar>
   <setvar varname="que_score">
    0
   </setvar>
   <displayfeedback feedbackType="Response" linkrefid="Ajlmg1_FB"></displayfeedback>
  </respcondition>
  <respcondition>
   <conditionvar>
    <varequal respident="49kBsv_RC">
     XOc13p
    </varequal>
   </conditionvar>
   <setvar varname="que_score">
    0
   </setvar>
   <displayfeedback feedbackType="Response" linkrefid="XOc13p_FB"></displayfeedback>
  </respcondition>
 </resprocessing>
 <itemfeedback ident="zlHEam_FB">
  <material></material>
 </itemfeedback>
 <itemfeedback ident="Nl5bt3_FB">
  <material></material>
 </itemfeedback>
 <itemfeedback ident="Ajlmg1_FB">
  <material></material>
 </itemfeedback>
 <itemfeedback ident="XOc13p_FB">
  <material></material>
 </itemfeedback>
</item>
<item ident="uJu0Dz" coursera_id="uJu0Dz">
 <presentation>
  <material> 
   <mattext texttype="text/html"><![CDATA[<p>What is the value of the following expression </p>]]> 
   </mattext> 
   <mattext texttype="text/html"><![CDATA[<p> 42 % 10 </p>]]> 
   </mattext> 
  </material>
  <response_lid ident="uJu0Dz_RC" rcardinality="Single">
   <render_choice shuffle="Yes">
    <response_label ident="QoTes4" coursera_id="QoTes4">
     <material> 
      <mattext texttype="text/html"><![CDATA[<p>2</p>]]> 
      </mattext> 
     </material>
    </response_label>
    <response_label ident="7kVvYY" coursera_id="7kVvYY">
     <material> 
      <mattext texttype="text/html"><![CDATA[<p>10</p>]]> 
      </mattext> 
     </material>
    </response_label>
    <response_label ident="VCdeAu" coursera_id="VCdeAu">
     <material> 
      <mattext texttype="text/html"><![CDATA[<p>0.42</p>]]> 
      </mattext> 
     </material>
    </response_label>
    <response_label ident="KWvuG1" coursera_id="KWvuG1">
     <material> 
      <mattext texttype="text/html"><![CDATA[<p>4210</p>]]> 
      </mattext> 
     </material>
    </response_label>
   </render_choice>
  </response_lid>
 </presentation>
 <resprocessing>
  <outcomes>
   <decvar vartype="Integer" defaultval="0" varname="que_score"></decvar>
  </outcomes>
  <respcondition>
   <conditionvar>
    <varequal respident="uJu0Dz_RC">
     QoTes4
    </varequal>
   </conditionvar>
   <setvar varname="que_score">
    1
   </setvar>
   <displayfeedback feedbackType="Response" linkrefid="QoTes4_FB"></displayfeedback>
  </respcondition>
  <respcondition>
   <conditionvar>
    <varequal respident="uJu0Dz_RC">
     7kVvYY
    </varequal>
   </conditionvar>
   <setvar varname="que_score">
    0
   </setvar>
   <displayfeedback feedbackType="Response" linkrefid="7kVvYY_FB"></displayfeedback>
  </respcondition>
  <respcondition>
   <conditionvar>
    <varequal respident="uJu0Dz_RC">
     VCdeAu
    </varequal>
   </conditionvar>
   <setvar varname="que_score">
    0
   </setvar>
   <displayfeedback feedbackType="Response" linkrefid="VCdeAu_FB"></displayfeedback>
  </respcondition>
  <respcondition>
   <conditionvar>
    <varequal respident="uJu0Dz_RC">
     KWvuG1
    </varequal>
   </conditionvar>
   <setvar varname="que_score">
    0
   </setvar>
   <displayfeedback feedbackType="Response" linkrefid="KWvuG1_FB"></displayfeedback>
  </respcondition>
 </resprocessing>
 <itemfeedback ident="QoTes4_FB">
  <material></material>
 </itemfeedback>
 <itemfeedback ident="7kVvYY_FB">
  <material></material>
 </itemfeedback>
 <itemfeedback ident="VCdeAu_FB">
  <material></material>
 </itemfeedback>
 <itemfeedback ident="KWvuG1_FB">
  <material></material>
 </itemfeedback>
</item>
<item ident="8kcFMP" coursera_id="8kcFMP">
 <presentation>
  <material> 
   <mattext texttype="text/html"><![CDATA[<p>What will be the value of x after the following C statement executes: </p>]]> 
   </mattext> 
   <mattext texttype="text/html"><![CDATA[<p> x = 1 + 2 * 3 - 5 / 6; </p>]]> 
   </mattext> 
  </material>
  <response_lid ident="8kcFMP_RC" rcardinality="Single">
   <render_choice shuffle="Yes">
    <response_label ident="I0xf7M" coursera_id="I0xf7M">
     <material> 
      <mattext texttype="text/html"><![CDATA[<p>7</p>]]> 
      </mattext> 
     </material>
    </response_label>
    <response_label ident="4XBZIo" coursera_id="4XBZIo">
     <material> 
      <mattext texttype="text/html"><![CDATA[<p>7.0</p>]]> 
      </mattext> 
     </material>
    </response_label>
    <response_label ident="UbMcA5" coursera_id="UbMcA5">
     <material> 
      <mattext texttype="text/html"><![CDATA[<p>0.5</p>]]> 
      </mattext> 
     </material>
    </response_label>
    <response_label ident="WuS35D" coursera_id="WuS35D">
     <material> 
      <mattext texttype="text/html"><![CDATA[<p>2</p>]]> 
      </mattext> 
     </material>
    </response_label>
   </render_choice>
  </response_lid>
 </presentation>
 <resprocessing>
  <outcomes>
   <decvar vartype="Integer" defaultval="0" varname="que_score"></decvar>
  </outcomes>
  <respcondition>
   <conditionvar>
    <varequal respident="8kcFMP_RC">
     I0xf7M
    </varequal>
   </conditionvar>
   <setvar varname="que_score">
    1
   </setvar>
   <displayfeedback feedbackType="Response" linkrefid="I0xf7M_FB"></displayfeedback>
  </respcondition>
  <respcondition>
   <conditionvar>
    <varequal respident="8kcFMP_RC">
     4XBZIo
    </varequal>
   </conditionvar>
   <setvar varname="que_score">
    0
   </setvar>
   <displayfeedback feedbackType="Response" linkrefid="4XBZIo_FB"></displayfeedback>
  </respcondition>
  <respcondition>
   <conditionvar>
    <varequal respident="8kcFMP_RC">
     UbMcA5
    </varequal>
   </conditionvar>
   <setvar varname="que_score">
    0
   </setvar>
   <displayfeedback feedbackType="Response" linkrefid="UbMcA5_FB"></displayfeedback>
  </respcondition>
  <respcondition>
   <conditionvar>
    <varequal respident="8kcFMP_RC">
     WuS35D
    </varequal>
   </conditionvar>
   <setvar varname="que_score">
    0
   </setvar>
   <displayfeedback feedbackType="Response" linkrefid="WuS35D_FB"></displayfeedback>
  </respcondition>
 </resprocessing>
 <itemfeedback ident="I0xf7M_FB">
  <material></material>
 </itemfeedback>
 <itemfeedback ident="4XBZIo_FB">
  <material></material>
 </itemfeedback>
 <itemfeedback ident="UbMcA5_FB">
  <material></material>
 </itemfeedback>
 <itemfeedback ident="WuS35D_FB">
  <material></material>
 </itemfeedback>
</item>
<item ident="e9UQWO" coursera_id="e9UQWO">
 <presentation>
  <material> 
   <mattext texttype="text/html"><![CDATA[<p>Which of the following is true for C's integer types?</p>]]> 
   </mattext> 
  </material>
  <response_lid ident="e9UQWO_RC" rcardinality="Single">
   <render_choice shuffle="Yes">
    <response_label ident="9ip6ND" coursera_id="9ip6ND">
     <material> 
      <mattext texttype="text/html"><![CDATA[<p>int, short, and long can be the same size</p>]]> 
      </mattext> 
     </material>
    </response_label>
    <response_label ident="pIMLAH" coursera_id="pIMLAH">
     <material> 
      <mattext texttype="text/html"><![CDATA[<p>long must be at least twice as long as short</p>]]> 
      </mattext> 
     </material>
    </response_label>
    <response_label ident="bbn3W1" coursera_id="bbn3W1">
     <material> 
      <mattext texttype="text/html"><![CDATA[<p>int must be at least 8 bits in length</p>]]> 
      </mattext> 
     </material>
    </response_label>
   </render_choice>
  </response_lid>
 </presentation>
 <resprocessing>
  <outcomes>
   <decvar vartype="Integer" defaultval="0" varname="que_score"></decvar>
  </outcomes>
  <respcondition>
   <conditionvar>
    <varequal respident="e9UQWO_RC">
     9ip6ND
    </varequal>
   </conditionvar>
   <setvar varname="que_score">
    1
   </setvar>
   <displayfeedback feedbackType="Response" linkrefid="9ip6ND_FB"></displayfeedback>
  </respcondition>
  <respcondition>
   <conditionvar>
    <varequal respident="e9UQWO_RC">
     pIMLAH
    </varequal>
   </conditionvar>
   <setvar varname="que_score">
    0
   </setvar>
   <displayfeedback feedbackType="Response" linkrefid="pIMLAH_FB"></displayfeedback>
  </respcondition>
  <respcondition>
   <conditionvar>
    <varequal respident="e9UQWO_RC">
     bbn3W1
    </varequal>
   </conditionvar>
   <setvar varname="que_score">
    0
   </setvar>
   <displayfeedback feedbackType="Response" linkrefid="bbn3W1_FB"></displayfeedback>
  </respcondition>
 </resprocessing>
 <itemfeedback ident="9ip6ND_FB">
  <material></material>
 </itemfeedback>
 <itemfeedback ident="pIMLAH_FB">
  <material></material>
 </itemfeedback>
 <itemfeedback ident="bbn3W1_FB">
  <material></material>
 </itemfeedback>
</item>
<item ident="NQP2DZ" coursera_id="NQP2DZ">
 <presentation>
  <material> 
   <mattext texttype="text/html"><![CDATA[<p>What is the cause of the "Year 2038" problem?</p>]]> 
   </mattext> 
  </material>
  <response_lid ident="NQP2DZ_RC" rcardinality="Single">
   <render_choice shuffle="Yes">
    <response_label ident="6B6gXK" coursera_id="6B6gXK">
     <material> 
      <mattext texttype="text/html"><![CDATA[<p>How well the number of seconds since January 1, 1970 fits into a C int variable</p>]]> 
      </mattext> 
     </material>
    </response_label>
    <response_label ident="sNmJZD" coursera_id="sNmJZD">
     <material> 
      <mattext texttype="text/html"><![CDATA[<p>Too many databases stored the year portion of a date as a two character field</p>]]> 
      </mattext> 
     </material>
    </response_label>
    <response_label ident="qPGVdc" coursera_id="qPGVdc">
     <material> 
      <mattext texttype="text/html"><![CDATA[<p>Leap year calculations would exceed the space available in an int</p>]]> 
      </mattext> 
     </material>
    </response_label>
    <response_label ident="TOdxKq" coursera_id="TOdxKq">
     <material> 
      <mattext texttype="text/html"><![CDATA[<p>The rules for leap year calculations change in 2037</p>]]> 
      </mattext> 
     </material>
    </response_label>
   </render_choice>
  </response_lid>
 </presentation>
 <resprocessing>
  <outcomes>
   <decvar vartype="Integer" defaultval="0" varname="que_score"></decvar>
  </outcomes>
  <respcondition>
   <conditionvar>
    <varequal respident="NQP2DZ_RC">
     6B6gXK
    </varequal>
   </conditionvar>
   <setvar varname="que_score">
    1
   </setvar>
   <displayfeedback feedbackType="Response" linkrefid="6B6gXK_FB"></displayfeedback>
  </respcondition>
  <respcondition>
   <conditionvar>
    <varequal respident="NQP2DZ_RC">
     sNmJZD
    </varequal>
   </conditionvar>
   <setvar varname="que_score">
    0
   </setvar>
   <displayfeedback feedbackType="Response" linkrefid="sNmJZD_FB"></displayfeedback>
  </respcondition>
  <respcondition>
   <conditionvar>
    <varequal respident="NQP2DZ_RC">
     qPGVdc
    </varequal>
   </conditionvar>
   <setvar varname="que_score">
    0
   </setvar>
   <displayfeedback feedbackType="Response" linkrefid="qPGVdc_FB"></displayfeedback>
  </respcondition>
  <respcondition>
   <conditionvar>
    <varequal respident="NQP2DZ_RC">
     TOdxKq
    </varequal>
   </conditionvar>
   <setvar varname="que_score">
    0
   </setvar>
   <displayfeedback feedbackType="Response" linkrefid="TOdxKq_FB"></displayfeedback>
  </respcondition>
 </resprocessing>
 <itemfeedback ident="6B6gXK_FB">
  <material></material>
 </itemfeedback>
 <itemfeedback ident="sNmJZD_FB">
  <material></material>
 </itemfeedback>
 <itemfeedback ident="qPGVdc_FB">
  <material></material>
 </itemfeedback>
 <itemfeedback ident="TOdxKq_FB">
  <material></material>
 </itemfeedback>
</item>
<item ident="9f2Zd5" coursera_id="9f2Zd5">
 <presentation>
  <material> 
   <mattext texttype="text/html"><![CDATA[<p>What prefix is used to put a hexadecimal constant into your C code?</p>]]> 
   </mattext> 
  </material>
  <response_lid ident="9f2Zd5_RC" rcardinality="Single">
   <render_choice shuffle="Yes">
    <response_label ident="CS98gL" coursera_id="CS98gL">
     <material> 
      <mattext texttype="text/html"><![CDATA[<p>0x</p>]]> 
      </mattext> 
     </material>
    </response_label>
    <response_label ident="uBe83s" coursera_id="uBe83s">
     <material> 
      <mattext texttype="text/html"><![CDATA[<p>hex:</p>]]> 
      </mattext> 
     </material>
    </response_label>
    <response_label ident="X3UKsg" coursera_id="X3UKsg">
     <material> 
      <mattext texttype="text/html"><![CDATA[<p>0h</p>]]> 
      </mattext> 
     </material>
    </response_label>
    <response_label ident="8ckEU0" coursera_id="8ckEU0">
     <material> 
      <mattext texttype="text/html"><![CDATA[<p>9h</p>]]> 
      </mattext> 
     </material>
    </response_label>
   </render_choice>
  </response_lid>
 </presentation>
 <resprocessing>
  <outcomes>
   <decvar vartype="Integer" defaultval="0" varname="que_score"></decvar>
  </outcomes>
  <respcondition>
   <conditionvar>
    <varequal respident="9f2Zd5_RC">
     CS98gL
    </varequal>
   </conditionvar>
   <setvar varname="que_score">
    1
   </setvar>
   <displayfeedback feedbackType="Response" linkrefid="CS98gL_FB"></displayfeedback>
  </respcondition>
  <respcondition>
   <conditionvar>
    <varequal respident="9f2Zd5_RC">
     uBe83s
    </varequal>
   </conditionvar>
   <setvar varname="que_score">
    0
   </setvar>
   <displayfeedback feedbackType="Response" linkrefid="uBe83s_FB"></displayfeedback>
  </respcondition>
  <respcondition>
   <conditionvar>
    <varequal respident="9f2Zd5_RC">
     X3UKsg
    </varequal>
   </conditionvar>
   <setvar varname="que_score">
    0
   </setvar>
   <displayfeedback feedbackType="Response" linkrefid="X3UKsg_FB"></displayfeedback>
  </respcondition>
  <respcondition>
   <conditionvar>
    <varequal respident="9f2Zd5_RC">
     8ckEU0
    </varequal>
   </conditionvar>
   <setvar varname="que_score">
    0
   </setvar>
   <displayfeedback feedbackType="Response" linkrefid="8ckEU0_FB"></displayfeedback>
  </respcondition>
 </resprocessing>
 <itemfeedback ident="CS98gL_FB">
  <material></material>
 </itemfeedback>
 <itemfeedback ident="uBe83s_FB">
  <material></material>
 </itemfeedback>
 <itemfeedback ident="X3UKsg_FB">
  <material></material>
 </itemfeedback>
 <itemfeedback ident="8ckEU0_FB">
  <material></material>
 </itemfeedback>
</item>
<item ident="OpCrhU" coursera_id="OpCrhU">
 <presentation>
  <material> 
   <mattext texttype="text/html"><![CDATA[<p>Which of the following is not a valid character in a hex constant?</p>]]> 
   </mattext> 
  </material>
  <response_lid ident="OpCrhU_RC" rcardinality="Single">
   <render_choice shuffle="Yes">
    <response_label ident="8qEWlQ" coursera_id="8qEWlQ">
     <material> 
      <mattext texttype="text/html"><![CDATA[<p>g</p>]]> 
      </mattext> 
     </material>
    </response_label>
    <response_label ident="WkFRj8" coursera_id="WkFRj8">
     <material> 
      <mattext texttype="text/html"><![CDATA[<p>e</p>]]> 
      </mattext> 
     </material>
    </response_label>
    <response_label ident="UcRATt" coursera_id="UcRATt">
     <material> 
      <mattext texttype="text/html"><![CDATA[<p>f</p>]]> 
      </mattext> 
     </material>
    </response_label>
    <response_label ident="nbpahM" coursera_id="nbpahM">
     <material> 
      <mattext texttype="text/html"><![CDATA[<p>d</p>]]> 
      </mattext> 
     </material>
    </response_label>
    <response_label ident="OzDxll" coursera_id="OzDxll">
     <material> 
      <mattext texttype="text/html"><![CDATA[<p>a</p>]]> 
      </mattext> 
     </material>
    </response_label>
   </render_choice>
  </response_lid>
 </presentation>
 <resprocessing>
  <outcomes>
   <decvar vartype="Integer" defaultval="0" varname="que_score"></decvar>
  </outcomes>
  <respcondition>
   <conditionvar>
    <varequal respident="OpCrhU_RC">
     8qEWlQ
    </varequal>
   </conditionvar>
   <setvar varname="que_score">
    1
   </setvar>
   <displayfeedback feedbackType="Response" linkrefid="8qEWlQ_FB"></displayfeedback>
  </respcondition>
  <respcondition>
   <conditionvar>
    <varequal respident="OpCrhU_RC">
     WkFRj8
    </varequal>
   </conditionvar>
   <setvar varname="que_score">
    0
   </setvar>
   <displayfeedback feedbackType="Response" linkrefid="WkFRj8_FB"></displayfeedback>
  </respcondition>
  <respcondition>
   <conditionvar>
    <varequal respident="OpCrhU_RC">
     UcRATt
    </varequal>
   </conditionvar>
   <setvar varname="que_score">
    0
   </setvar>
   <displayfeedback feedbackType="Response" linkrefid="UcRATt_FB"></displayfeedback>
  </respcondition>
  <respcondition>
   <conditionvar>
    <varequal respident="OpCrhU_RC">
     nbpahM
    </varequal>
   </conditionvar>
   <setvar varname="que_score">
    0
   </setvar>
   <displayfeedback feedbackType="Response" linkrefid="nbpahM_FB"></displayfeedback>
  </respcondition>
  <respcondition>
   <conditionvar>
    <varequal respident="OpCrhU_RC">
     OzDxll
    </varequal>
   </conditionvar>
   <setvar varname="que_score">
    0
   </setvar>
   <displayfeedback feedbackType="Response" linkrefid="OzDxll_FB"></displayfeedback>
  </respcondition>
 </resprocessing>
 <itemfeedback ident="8qEWlQ_FB">
  <material></material>
 </itemfeedback>
 <itemfeedback ident="WkFRj8_FB">
  <material></material>
 </itemfeedback>
 <itemfeedback ident="UcRATt_FB">
  <material></material>
 </itemfeedback>
 <itemfeedback ident="nbpahM_FB">
  <material></material>
 </itemfeedback>
 <itemfeedback ident="OzDxll_FB">
  <material></material>
 </itemfeedback>
</item>
<item ident="HQuUxO" coursera_id="HQuUxO">
 <presentation>
  <material> 
   <mattext texttype="text/html"><![CDATA[<p>What this the result of the computation '99/100' in C?</p>]]> 
   </mattext> 
  </material>
  <response_lid ident="HQuUxO_RC" rcardinality="Single">
   <render_choice shuffle="Yes">
    <response_label ident="F6Ih2D" coursera_id="F6Ih2D">
     <material> 
      <mattext texttype="text/html"><![CDATA[<p>integer 0</p>]]> 
      </mattext> 
     </material>
    </response_label>
    <response_label ident="RIiDlJ" coursera_id="RIiDlJ">
     <material> 
      <mattext texttype="text/html"><![CDATA[<p>integer 9900</p>]]> 
      </mattext> 
     </material>
    </response_label>
    <response_label ident="XIxEPq" coursera_id="XIxEPq">
     <material> 
      <mattext texttype="text/html"><![CDATA[<p>float 0.0</p>]]> 
      </mattext> 
     </material>
    </response_label>
    <response_label ident="FNrNPI" coursera_id="FNrNPI">
     <material> 
      <mattext texttype="text/html"><![CDATA[<p>float 0.99</p>]]> 
      </mattext> 
     </material>
    </response_label>
    <response_label ident="YLhdHM" coursera_id="YLhdHM">
     <material> 
      <mattext texttype="text/html"><![CDATA[<p>float 0.99999 (repeating)</p>]]> 
      </mattext> 
     </material>
    </response_label>
   </render_choice>
  </response_lid>
 </presentation>
 <resprocessing>
  <outcomes>
   <decvar vartype="Integer" defaultval="0" varname="que_score"></decvar>
  </outcomes>
  <respcondition>
   <conditionvar>
    <varequal respident="HQuUxO_RC">
     F6Ih2D
    </varequal>
   </conditionvar>
   <setvar varname="que_score">
    1
   </setvar>
   <displayfeedback feedbackType="Response" linkrefid="F6Ih2D_FB"></displayfeedback>
  </respcondition>
  <respcondition>
   <conditionvar>
    <varequal respident="HQuUxO_RC">
     RIiDlJ
    </varequal>
   </conditionvar>
   <setvar varname="que_score">
    0
   </setvar>
   <displayfeedback feedbackType="Response" linkrefid="RIiDlJ_FB"></displayfeedback>
  </respcondition>
  <respcondition>
   <conditionvar>
    <varequal respident="HQuUxO_RC">
     XIxEPq
    </varequal>
   </conditionvar>
   <setvar varname="que_score">
    0
   </setvar>
   <displayfeedback feedbackType="Response" linkrefid="XIxEPq_FB"></displayfeedback>
  </respcondition>
  <respcondition>
   <conditionvar>
    <varequal respident="HQuUxO_RC">
     FNrNPI
    </varequal>
   </conditionvar>
   <setvar varname="que_score">
    0
   </setvar>
   <displayfeedback feedbackType="Response" linkrefid="FNrNPI_FB"></displayfeedback>
  </respcondition>
  <respcondition>
   <conditionvar>
    <varequal respident="HQuUxO_RC">
     YLhdHM
    </varequal>
   </conditionvar>
   <setvar varname="que_score">
    0
   </setvar>
   <displayfeedback feedbackType="Response" linkrefid="YLhdHM_FB"></displayfeedback>
  </respcondition>
 </resprocessing>
 <itemfeedback ident="F6Ih2D_FB">
  <material></material>
 </itemfeedback>
 <itemfeedback ident="RIiDlJ_FB">
  <material></material>
 </itemfeedback>
 <itemfeedback ident="XIxEPq_FB">
  <material></material>
 </itemfeedback>
 <itemfeedback ident="FNrNPI_FB">
  <material></material>
 </itemfeedback>
 <itemfeedback ident="YLhdHM_FB">
  <material></material>
 </itemfeedback>
</item>
<item ident="NSMa4o" coursera_id="NSMa4o">
 <presentation>
  <material> 
   <mattext texttype="text/html"><![CDATA[<p>What does the expression (13*1.5) evaluate to in C?</p>]]> 
   </mattext> 
  </material>
  <response_lid ident="NSMa4o_RC" rcardinality="Single">
   <render_choice shuffle="Yes">
    <response_label ident="ZSNvgp" coursera_id="ZSNvgp">
     <material> 
      <mattext texttype="text/html"><![CDATA[<p>19.5</p>]]> 
      </mattext> 
     </material>
    </response_label>
    <response_label ident="FUQ0s7" coursera_id="FUQ0s7">
     <material> 
      <mattext texttype="text/html"><![CDATA[<p>19</p>]]> 
      </mattext> 
     </material>
    </response_label>
    <response_label ident="6Abkl4" coursera_id="6Abkl4">
     <material> 
      <mattext texttype="text/html"><![CDATA[<p>13</p>]]> 
      </mattext> 
     </material>
    </response_label>
    <response_label ident="jTiHfx" coursera_id="jTiHfx">
     <material> 
      <mattext texttype="text/html"><![CDATA[<p>14.5</p>]]> 
      </mattext> 
     </material>
    </response_label>
   </render_choice>
  </response_lid>
 </presentation>
 <resprocessing>
  <outcomes>
   <decvar vartype="Integer" defaultval="0" varname="que_score"></decvar>
  </outcomes>
  <respcondition>
   <conditionvar>
    <varequal respident="NSMa4o_RC">
     ZSNvgp
    </varequal>
   </conditionvar>
   <setvar varname="que_score">
    1
   </setvar>
   <displayfeedback feedbackType="Response" linkrefid="ZSNvgp_FB"></displayfeedback>
  </respcondition>
  <respcondition>
   <conditionvar>
    <varequal respident="NSMa4o_RC">
     FUQ0s7
    </varequal>
   </conditionvar>
   <setvar varname="que_score">
    0
   </setvar>
   <displayfeedback feedbackType="Response" linkrefid="FUQ0s7_FB"></displayfeedback>
  </respcondition>
  <respcondition>
   <conditionvar>
    <varequal respident="NSMa4o_RC">
     6Abkl4
    </varequal>
   </conditionvar>
   <setvar varname="que_score">
    0
   </setvar>
   <displayfeedback feedbackType="Response" linkrefid="6Abkl4_FB"></displayfeedback>
  </respcondition>
  <respcondition>
   <conditionvar>
    <varequal respident="NSMa4o_RC">
     jTiHfx
    </varequal>
   </conditionvar>
   <setvar varname="que_score">
    0
   </setvar>
   <displayfeedback feedbackType="Response" linkrefid="jTiHfx_FB"></displayfeedback>
  </respcondition>
 </resprocessing>
 <itemfeedback ident="ZSNvgp_FB">
  <material></material>
 </itemfeedback>
 <itemfeedback ident="FUQ0s7_FB">
  <material></material>
 </itemfeedback>
 <itemfeedback ident="6Abkl4_FB">
  <material></material>
 </itemfeedback>
 <itemfeedback ident="jTiHfx_FB">
  <material></material>
 </itemfeedback>
</item>
<item ident="Z9EeBO" coursera_id="Z9EeBO">
 <presentation>
  <material> 
   <mattext texttype="text/html"><![CDATA[<p>If the result of the logical expression (10&gt;12) is assigned to an integer variable in C, what is the value that is assigned?</p>]]> 
   </mattext> 
  </material>
  <response_lid ident="Z9EeBO_RC" rcardinality="Single">
   <render_choice shuffle="Yes">
    <response_label ident="SNQloq" coursera_id="SNQloq">
     <material> 
      <mattext texttype="text/html"><![CDATA[<p>0</p>]]> 
      </mattext> 
     </material>
    </response_label>
    <response_label ident="VXUB4E" coursera_id="VXUB4E">
     <material> 
      <mattext texttype="text/html"><![CDATA[<p>1</p>]]> 
      </mattext> 
     </material>
    </response_label>
    <response_label ident="izl2XR" coursera_id="izl2XR">
     <material> 
      <mattext texttype="text/html"><![CDATA[<p>-1</p>]]> 
      </mattext> 
     </material>
    </response_label>
    <response_label ident="GTmw9T" coursera_id="GTmw9T">
     <material> 
      <mattext texttype="text/html"><![CDATA[<p>2</p>]]> 
      </mattext> 
     </material>
    </response_label>
   </render_choice>
  </response_lid>
 </presentation>
 <resprocessing>
  <outcomes>
   <decvar vartype="Integer" defaultval="0" varname="que_score"></decvar>
  </outcomes>
  <respcondition>
   <conditionvar>
    <varequal respident="Z9EeBO_RC">
     SNQloq
    </varequal>
   </conditionvar>
   <setvar varname="que_score">
    1
   </setvar>
   <displayfeedback feedbackType="Response" linkrefid="SNQloq_FB"></displayfeedback>
  </respcondition>
  <respcondition>
   <conditionvar>
    <varequal respident="Z9EeBO_RC">
     VXUB4E
    </varequal>
   </conditionvar>
   <setvar varname="que_score">
    0
   </setvar>
   <displayfeedback feedbackType="Response" linkrefid="VXUB4E_FB"></displayfeedback>
  </respcondition>
  <respcondition>
   <conditionvar>
    <varequal respident="Z9EeBO_RC">
     izl2XR
    </varequal>
   </conditionvar>
   <setvar varname="que_score">
    0
   </setvar>
   <displayfeedback feedbackType="Response" linkrefid="izl2XR_FB"></displayfeedback>
  </respcondition>
  <respcondition>
   <conditionvar>
    <varequal respident="Z9EeBO_RC">
     GTmw9T
    </varequal>
   </conditionvar>
   <setvar varname="que_score">
    0
   </setvar>
   <displayfeedback feedbackType="Response" linkrefid="GTmw9T_FB"></displayfeedback>
  </respcondition>
 </resprocessing>
 <itemfeedback ident="SNQloq_FB">
  <material></material>
 </itemfeedback>
 <itemfeedback ident="VXUB4E_FB">
  <material></material>
 </itemfeedback>
 <itemfeedback ident="izl2XR_FB">
  <material></material>
 </itemfeedback>
 <itemfeedback ident="GTmw9T_FB">
  <material></material>
 </itemfeedback>
</item>
<item ident="F18oAu" coursera_id="F18oAu">
 <presentation>
  <material> 
   <mattext texttype="text/html"><![CDATA[<p>Which of the following expressions evaluate to 'true' when used in an if or while condition in C?</p>]]> 
   </mattext> 
  </material>
  <response_lid ident="F18oAu_RC" rcardinality="Single">
   <render_choice shuffle="Yes">
    <response_label ident="FcW3Rx" coursera_id="FcW3Rx">
     <material> 
      <mattext texttype="text/html"><![CDATA[<p>42</p>]]> 
      </mattext> 
     </material>
    </response_label>
    <response_label ident="6JIu5t" coursera_id="6JIu5t">
     <material> 
      <mattext texttype="text/html"><![CDATA[<p>0</p>]]> 
      </mattext> 
     </material>
    </response_label>
    <response_label ident="0F4w0M" coursera_id="0F4w0M">
     <material> 
      <mattext texttype="text/html"><![CDATA[<p>9-1-8</p>]]> 
      </mattext> 
     </material>
    </response_label>
    <response_label ident="nhsSYu" coursera_id="nhsSYu">
     <material> 
      <mattext texttype="text/html"><![CDATA[<p>'true'</p>]]> 
      </mattext> 
     </material>
    </response_label>
   </render_choice>
  </response_lid>
 </presentation>
 <resprocessing>
  <outcomes>
   <decvar vartype="Integer" defaultval="0" varname="que_score"></decvar>
  </outcomes>
  <respcondition>
   <conditionvar>
    <varequal respident="F18oAu_RC">
     FcW3Rx
    </varequal>
   </conditionvar>
   <setvar varname="que_score">
    1
   </setvar>
   <displayfeedback feedbackType="Response" linkrefid="FcW3Rx_FB"></displayfeedback>
  </respcondition>
  <respcondition>
   <conditionvar>
    <varequal respident="F18oAu_RC">
     6JIu5t
    </varequal>
   </conditionvar>
   <setvar varname="que_score">
    0
   </setvar>
   <displayfeedback feedbackType="Response" linkrefid="6JIu5t_FB"></displayfeedback>
  </respcondition>
  <respcondition>
   <conditionvar>
    <varequal respident="F18oAu_RC">
     0F4w0M
    </varequal>
   </conditionvar>
   <setvar varname="que_score">
    0
   </setvar>
   <displayfeedback feedbackType="Response" linkrefid="0F4w0M_FB"></displayfeedback>
  </respcondition>
  <respcondition>
   <conditionvar>
    <varequal respident="F18oAu_RC">
     nhsSYu
    </varequal>
   </conditionvar>
   <setvar varname="que_score">
    0
   </setvar>
   <displayfeedback feedbackType="Response" linkrefid="nhsSYu_FB"></displayfeedback>
  </respcondition>
 </resprocessing>
 <itemfeedback ident="FcW3Rx_FB">
  <material></material>
 </itemfeedback>
 <itemfeedback ident="6JIu5t_FB">
  <material></material>
 </itemfeedback>
 <itemfeedback ident="0F4w0M_FB">
  <material></material>
 </itemfeedback>
 <itemfeedback ident="nhsSYu_FB">
  <material></material>
 </itemfeedback>
</item>
<item ident="0iFjZL" coursera_id="0iFjZL">
 <presentation>
  <material> 
   <mattext texttype="text/html"><![CDATA[<p>What is the value in 'j' after this code executes: </p>]]> 
   </mattext> 
   <mattext texttype="text/html"><![CDATA[<p> int i,j; i = 42; j = i++; </p>]]> 
   </mattext> 
  </material>
  <response_lid ident="0iFjZL_RC" rcardinality="Single">
   <render_choice shuffle="Yes">
    <response_label ident="tD1kFa" coursera_id="tD1kFa">
     <material> 
      <mattext texttype="text/html"><![CDATA[<p>42</p>]]> 
      </mattext> 
     </material>
    </response_label>
    <response_label ident="ILMsNs" coursera_id="ILMsNs">
     <material> 
      <mattext texttype="text/html"><![CDATA[<p>43</p>]]> 
      </mattext> 
     </material>
    </response_label>
    <response_label ident="U32ezk" coursera_id="U32ezk">
     <material> 
      <mattext texttype="text/html"><![CDATA[<p>41</p>]]> 
      </mattext> 
     </material>
    </response_label>
    <response_label ident="a1CpNB" coursera_id="a1CpNB">
     <material> 
      <mattext texttype="text/html"><![CDATA[<p>40</p>]]> 
      </mattext> 
     </material>
    </response_label>
    <response_label ident="a46i69" coursera_id="a46i69">
     <material> 
      <mattext texttype="text/html"><![CDATA[<p>Null</p>]]> 
      </mattext> 
     </material>
    </response_label>
   </render_choice>
  </response_lid>
 </presentation>
 <resprocessing>
  <outcomes>
   <decvar vartype="Integer" defaultval="0" varname="que_score"></decvar>
  </outcomes>
  <respcondition>
   <conditionvar>
    <varequal respident="0iFjZL_RC">
     tD1kFa
    </varequal>
   </conditionvar>
   <setvar varname="que_score">
    1
   </setvar>
   <displayfeedback feedbackType="Response" linkrefid="tD1kFa_FB"></displayfeedback>
  </respcondition>
  <respcondition>
   <conditionvar>
    <varequal respident="0iFjZL_RC">
     ILMsNs
    </varequal>
   </conditionvar>
   <setvar varname="que_score">
    0
   </setvar>
   <displayfeedback feedbackType="Response" linkrefid="ILMsNs_FB"></displayfeedback>
  </respcondition>
  <respcondition>
   <conditionvar>
    <varequal respident="0iFjZL_RC">
     U32ezk
    </varequal>
   </conditionvar>
   <setvar varname="que_score">
    0
   </setvar>
   <displayfeedback feedbackType="Response" linkrefid="U32ezk_FB"></displayfeedback>
  </respcondition>
  <respcondition>
   <conditionvar>
    <varequal respident="0iFjZL_RC">
     a1CpNB
    </varequal>
   </conditionvar>
   <setvar varname="que_score">
    0
   </setvar>
   <displayfeedback feedbackType="Response" linkrefid="a1CpNB_FB"></displayfeedback>
  </respcondition>
  <respcondition>
   <conditionvar>
    <varequal respident="0iFjZL_RC">
     a46i69
    </varequal>
   </conditionvar>
   <setvar varname="que_score">
    0
   </setvar>
   <displayfeedback feedbackType="Response" linkrefid="a46i69_FB"></displayfeedback>
  </respcondition>
 </resprocessing>
 <itemfeedback ident="tD1kFa_FB">
  <material></material>
 </itemfeedback>
 <itemfeedback ident="ILMsNs_FB">
  <material></material>
 </itemfeedback>
 <itemfeedback ident="U32ezk_FB">
  <material></material>
 </itemfeedback>
 <itemfeedback ident="a1CpNB_FB">
  <material></material>
 </itemfeedback>
 <itemfeedback ident="a46i69_FB">
  <material></material>
 </itemfeedback>
</item>
<item ident="CToqSp" coursera_id="CToqSp">
 <presentation>
  <material> 
   <mattext texttype="text/html"><![CDATA[<p>What is the value in 'i' after this code executes: </p>]]> 
   </mattext> 
   <mattext texttype="text/html"><![CDATA[<p> int i,j; i = 40; j = 1; i += ++j; </p>]]> 
   </mattext> 
  </material>
  <response_lid ident="CToqSp_RC" rcardinality="Single">
   <render_choice shuffle="Yes">
    <response_label ident="Z99mAo" coursera_id="Z99mAo">
     <material> 
      <mattext texttype="text/html"><![CDATA[<p>42</p>]]> 
      </mattext> 
     </material>
    </response_label>
    <response_label ident="IY7or9" coursera_id="IY7or9">
     <material> 
      <mattext texttype="text/html"><![CDATA[<p>43</p>]]> 
      </mattext> 
     </material>
    </response_label>
    <response_label ident="dkAk8F" coursera_id="dkAk8F">
     <material> 
      <mattext texttype="text/html"><![CDATA[<p>41</p>]]> 
      </mattext> 
     </material>
    </response_label>
    <response_label ident="tZRbcq" coursera_id="tZRbcq">
     <material> 
      <mattext texttype="text/html"><![CDATA[<p>40</p>]]> 
      </mattext> 
     </material>
    </response_label>
    <response_label ident="Jl2pzW" coursera_id="Jl2pzW">
     <material> 
      <mattext texttype="text/html"><![CDATA[<p>Null</p>]]> 
      </mattext> 
     </material>
    </response_label>
   </render_choice>
  </response_lid>
 </presentation>
 <resprocessing>
  <outcomes>
   <decvar vartype="Integer" defaultval="0" varname="que_score"></decvar>
  </outcomes>
  <respcondition>
   <conditionvar>
    <varequal respident="CToqSp_RC">
     Z99mAo
    </varequal>
   </conditionvar>
   <setvar varname="que_score">
    1
   </setvar>
   <displayfeedback feedbackType="Response" linkrefid="Z99mAo_FB"></displayfeedback>
  </respcondition>
  <respcondition>
   <conditionvar>
    <varequal respident="CToqSp_RC">
     IY7or9
    </varequal>
   </conditionvar>
   <setvar varname="que_score">
    0
   </setvar>
   <displayfeedback feedbackType="Response" linkrefid="IY7or9_FB"></displayfeedback>
  </respcondition>
  <respcondition>
   <conditionvar>
    <varequal respident="CToqSp_RC">
     dkAk8F
    </varequal>
   </conditionvar>
   <setvar varname="que_score">
    0
   </setvar>
   <displayfeedback feedbackType="Response" linkrefid="dkAk8F_FB"></displayfeedback>
  </respcondition>
  <respcondition>
   <conditionvar>
    <varequal respident="CToqSp_RC">
     tZRbcq
    </varequal>
   </conditionvar>
   <setvar varname="que_score">
    0
   </setvar>
   <displayfeedback feedbackType="Response" linkrefid="tZRbcq_FB"></displayfeedback>
  </respcondition>
  <respcondition>
   <conditionvar>
    <varequal respident="CToqSp_RC">
     Jl2pzW
    </varequal>
   </conditionvar>
   <setvar varname="que_score">
    0
   </setvar>
   <displayfeedback feedbackType="Response" linkrefid="Jl2pzW_FB"></displayfeedback>
  </respcondition>
 </resprocessing>
 <itemfeedback ident="Z99mAo_FB">
  <material></material>
 </itemfeedback>
 <itemfeedback ident="IY7or9_FB">
  <material></material>
 </itemfeedback>
 <itemfeedback ident="dkAk8F_FB">
  <material></material>
 </itemfeedback>
 <itemfeedback ident="tZRbcq_FB">
  <material></material>
 </itemfeedback>
 <itemfeedback ident="Jl2pzW_FB">
  <material></material>
 </itemfeedback>
</item>
<item ident="3becOk" coursera_id="3becOk">
 <presentation>
  <material> 
   <mattext texttype="text/html"><![CDATA[<p>What is the purpose of a semicolon (;) in C?</p>]]> 
   </mattext> 
  </material>
  <response_lid ident="3becOk_RC" rcardinality="Single">
   <render_choice shuffle="Yes">
    <response_label ident="CyuYTm" coursera_id="CyuYTm">
     <material> 
      <mattext texttype="text/html"><![CDATA[<p>Statement terminator</p>]]> 
      </mattext> 
     </material>
    </response_label>
    <response_label ident="tbshHp" coursera_id="tbshHp">
     <material> 
      <mattext texttype="text/html"><![CDATA[<p>Statement separator</p>]]> 
      </mattext> 
     </material>
    </response_label>
    <response_label ident="Gb5z1S" coursera_id="Gb5z1S">
     <material> 
      <mattext texttype="text/html"><![CDATA[<p>It that you should take a pause while reading source code aloud</p>]]> 
      </mattext> 
     </material>
    </response_label>
    <response_label ident="H3IevH" coursera_id="H3IevH">
     <material> 
      <mattext texttype="text/html"><![CDATA[<p>To clarify a series</p>]]> 
      </mattext> 
     </material>
    </response_label>
    <response_label ident="nxU6VB" coursera_id="nxU6VB">
     <material> 
      <mattext texttype="text/html"><![CDATA[<p>To indicate two closely related sentences</p>]]> 
      </mattext> 
     </material>
    </response_label>
   </render_choice>
  </response_lid>
 </presentation>
 <resprocessing>
  <outcomes>
   <decvar vartype="Integer" defaultval="0" varname="que_score"></decvar>
  </outcomes>
  <respcondition>
   <conditionvar>
    <varequal respident="3becOk_RC">
     CyuYTm
    </varequal>
   </conditionvar>
   <setvar varname="que_score">
    1
   </setvar>
   <displayfeedback feedbackType="Response" linkrefid="CyuYTm_FB"></displayfeedback>
  </respcondition>
  <respcondition>
   <conditionvar>
    <varequal respident="3becOk_RC">
     tbshHp
    </varequal>
   </conditionvar>
   <setvar varname="que_score">
    0
   </setvar>
   <displayfeedback feedbackType="Response" linkrefid="tbshHp_FB"></displayfeedback>
  </respcondition>
  <respcondition>
   <conditionvar>
    <varequal respident="3becOk_RC">
     Gb5z1S
    </varequal>
   </conditionvar>
   <setvar varname="que_score">
    0
   </setvar>
   <displayfeedback feedbackType="Response" linkrefid="Gb5z1S_FB"></displayfeedback>
  </respcondition>
  <respcondition>
   <conditionvar>
    <varequal respident="3becOk_RC">
     H3IevH
    </varequal>
   </conditionvar>
   <setvar varname="que_score">
    0
   </setvar>
   <displayfeedback feedbackType="Response" linkrefid="H3IevH_FB"></displayfeedback>
  </respcondition>
  <respcondition>
   <conditionvar>
    <varequal respident="3becOk_RC">
     nxU6VB
    </varequal>
   </conditionvar>
   <setvar varname="que_score">
    0
   </setvar>
   <displayfeedback feedbackType="Response" linkrefid="nxU6VB_FB"></displayfeedback>
  </respcondition>
 </resprocessing>
 <itemfeedback ident="CyuYTm_FB">
  <material></material>
 </itemfeedback>
 <itemfeedback ident="tbshHp_FB">
  <material></material>
 </itemfeedback>
 <itemfeedback ident="Gb5z1S_FB">
  <material></material>
 </itemfeedback>
 <itemfeedback ident="H3IevH_FB">
  <material></material>
 </itemfeedback>
 <itemfeedback ident="nxU6VB_FB">
  <material></material>
 </itemfeedback>
</item>
<item ident="yQiT0C" coursera_id="yQiT0C">
 <presentation>
  <material> 
   <mattext texttype="text/html"><![CDATA[<p>What does the function atoi do?</p>]]> 
   </mattext> 
  </material>
  <response_lid ident="yQiT0C_RC" rcardinality="Single">
   <render_choice shuffle="Yes">
    <response_label ident="tERP9K" coursera_id="tERP9K">
     <material> 
      <mattext texttype="text/html"><![CDATA[<p>converts a string of letters into its digit equivalent</p>]]> 
      </mattext> 
     </material>
    </response_label>
    <response_label ident="wnM9oP" coursera_id="wnM9oP">
     <material> 
      <mattext texttype="text/html"><![CDATA[<p>converts a string of digits into its numeric equivalent</p>]]> 
      </mattext> 
     </material>
    </response_label>
    <response_label ident="sZCUUM" coursera_id="sZCUUM">
     <material> 
      <mattext texttype="text/html"><![CDATA[<p>gives an exception</p>]]> 
      </mattext> 
     </material>
    </response_label>
    <response_label ident="Aun88g" coursera_id="Aun88g">
     <material> 
      <mattext texttype="text/html"><![CDATA[<p>converts a string of hexadecimal digits into its equivalent integer value</p>]]> 
      </mattext> 
     </material>
    </response_label>
   </render_choice>
  </response_lid>
 </presentation>
 <resprocessing>
  <outcomes>
   <decvar vartype="Integer" defaultval="0" varname="que_score"></decvar>
  </outcomes>
  <respcondition>
   <conditionvar>
    <varequal respident="yQiT0C_RC">
     tERP9K
    </varequal>
   </conditionvar>
   <setvar varname="que_score">
    0
   </setvar>
   <displayfeedback feedbackType="Response" linkrefid="tERP9K_FB"></displayfeedback>
  </respcondition>
  <respcondition>
   <conditionvar>
    <varequal respident="yQiT0C_RC">
     wnM9oP
    </varequal>
   </conditionvar>
   <setvar varname="que_score">
    1
   </setvar>
   <displayfeedback feedbackType="Response" linkrefid="wnM9oP_FB"></displayfeedback>
  </respcondition>
  <respcondition>
   <conditionvar>
    <varequal respident="yQiT0C_RC">
     sZCUUM
    </varequal>
   </conditionvar>
   <setvar varname="que_score">
    0
   </setvar>
   <displayfeedback feedbackType="Response" linkrefid="sZCUUM_FB"></displayfeedback>
  </respcondition>
  <respcondition>
   <conditionvar>
    <varequal respident="yQiT0C_RC">
     Aun88g
    </varequal>
   </conditionvar>
   <setvar varname="que_score">
    0
   </setvar>
   <displayfeedback feedbackType="Response" linkrefid="Aun88g_FB"></displayfeedback>
  </respcondition>
 </resprocessing>
 <itemfeedback ident="tERP9K_FB">
  <material></material>
 </itemfeedback>
 <itemfeedback ident="wnM9oP_FB">
  <material></material>
 </itemfeedback>
 <itemfeedback ident="sZCUUM_FB">
  <material></material>
 </itemfeedback>
 <itemfeedback ident="Aun88g_FB">
  <material></material>
 </itemfeedback>
</item>
   </section>
 </assessment>
</questestinterop>
      