<?xml version="1.0" encoding="UTF-8"?>
<questestinterop xmlns="http://www.imsglobal.org/xsd/ims_qtiasiv1p2" xmlns:xsi="http://www.w3.org/2001/XMLSchema-instance" xsi:schemaLocation="http://www.imsglobal.org/xsd/ims_qtiasiv1p2 http://www.imsglobal.org/xsd/ims_qtiasiv1p2p1.xsd">
  <assessment ident="65465c9c7cd54" title="gift">
    <section ident="root_section">
      <item title="Q1" ident="65465c9c7cd54_100">
        <itemmetadata>
          <qtimetadata>
            <qtimetadatafield>
              <fieldlabel>question_type</fieldlabel>
              <fieldentry>multiple_choice_question</fieldentry>
            </qtimetadatafield>
            <qtimetadatafield>
              <fieldlabel>points_possible</fieldlabel>
              <fieldentry>1</fieldentry>
            </qtimetadatafield>
            <qtimetadatafield>
              <fieldlabel>assessment_question_identifierref</fieldlabel>
              <fieldentry>65465c9c7cd54_101</fieldentry>
            </qtimetadatafield>
          </qtimetadata>
        </itemmetadata>
        <presentation>
          <material>
            <mattext texttype="text/html">What is the C operator that gives you the address of a variable?</mattext>
          </material>
          <response_lid ident="response1" rcardinality="Single">
            <render_choice shuffle="Yes">
              <response_label ident="102">
                <material>
                  <mattext texttype="text/html">&amp;amp;</mattext>
                </material>
              </response_label>
              <response_label ident="103">
                <material>
                  <mattext texttype="text/html">*</mattext>
                </material>
              </response_label>
              <response_label ident="104">
                <material>
                  <mattext texttype="text/html">-&amp;gt;</mattext>
                </material>
              </response_label>
              <response_label ident="105">
                <material>
                  <mattext texttype="text/html">.</mattext>
                </material>
              </response_label>
            </render_choice>
          </response_lid>
        </presentation>
        <resprocessing>
          <outcomes>
            <decvar maxvalue="100" minvalue="0" varname="SCORE" vartype="Decimal"/>
          </outcomes>
          <respcondition continue="No">
            <conditionvar>
              <varequal respident="response1">102</varequal>
            </conditionvar>
            <setvar action="Set" varname="SCORE">100</setvar>
          </respcondition>
        </resprocessing>
      </item>
      <item title="Q2" ident="65465c9c7cd54_106">
        <itemmetadata>
          <qtimetadata>
            <qtimetadatafield>
              <fieldlabel>question_type</fieldlabel>
              <fieldentry>multiple_choice_question</fieldentry>
            </qtimetadatafield>
            <qtimetadatafield>
              <fieldlabel>points_possible</fieldlabel>
              <fieldentry>1</fieldentry>
            </qtimetadatafield>
            <qtimetadatafield>
              <fieldlabel>assessment_question_identifierref</fieldlabel>
              <fieldentry>65465c9c7cd54_107</fieldentry>
            </qtimetadatafield>
          </qtimetadata>
        </itemmetadata>
        <presentation>
          <material>
            <mattext texttype="text/html">What is the C operator that takes an address of a variable and retrieves
the value pointed to by the address?</mattext>
          </material>
          <response_lid ident="response1" rcardinality="Single">
            <render_choice shuffle="Yes">
              <response_label ident="108">
                <material>
                  <mattext texttype="text/html">&amp;amp;</mattext>
                </material>
              </response_label>
              <response_label ident="109">
                <material>
                  <mattext texttype="text/html">*</mattext>
                </material>
              </response_label>
              <response_label ident="110">
                <material>
                  <mattext texttype="text/html">-&amp;gt;</mattext>
                </material>
              </response_label>
              <response_label ident="111">
                <material>
                  <mattext texttype="text/html">.</mattext>
                </material>
              </response_label>
            </render_choice>
          </response_lid>
        </presentation>
        <resprocessing>
          <outcomes>
            <decvar maxvalue="100" minvalue="0" varname="SCORE" vartype="Decimal"/>
          </outcomes>
          <respcondition continue="No">
            <conditionvar>
              <varequal respident="response1">109</varequal>
            </conditionvar>
            <setvar action="Set" varname="SCORE">100</setvar>
          </respcondition>
        </resprocessing>
      </item>
      <item title="Q3" ident="65465c9c7cd54_112">
        <itemmetadata>
          <qtimetadata>
            <qtimetadatafield>
              <fieldlabel>question_type</fieldlabel>
              <fieldentry>multiple_choice_question</fieldentry>
            </qtimetadatafield>
            <qtimetadatafield>
              <fieldlabel>points_possible</fieldlabel>
              <fieldentry>1</fieldentry>
            </qtimetadatafield>
            <qtimetadatafield>
              <fieldlabel>assessment_question_identifierref</fieldlabel>
              <fieldentry>65465c9c7cd54_113</fieldentry>
            </qtimetadatafield>
          </qtimetadata>
        </itemmetadata>
        <presentation>
          <material>
            <mattext texttype="text/html">What is the C library function that is famous for exposing a C application
to buffer overflow?</mattext>
          </material>
          <response_lid ident="response1" rcardinality="Single">
            <render_choice shuffle="Yes">
              <response_label ident="114">
                <material>
                  <mattext texttype="text/html">gets</mattext>
                </material>
              </response_label>
              <response_label ident="115">
                <material>
                  <mattext texttype="text/html">fgets</mattext>
                </material>
              </response_label>
              <response_label ident="116">
                <material>
                  <mattext texttype="text/html">printf</mattext>
                </material>
              </response_label>
              <response_label ident="117">
                <material>
                  <mattext texttype="text/html">main</mattext>
                </material>
              </response_label>
            </render_choice>
          </response_lid>
        </presentation>
        <resprocessing>
          <outcomes>
            <decvar maxvalue="100" minvalue="0" varname="SCORE" vartype="Decimal"/>
          </outcomes>
          <respcondition continue="No">
            <conditionvar>
              <varequal respident="response1">114</varequal>
            </conditionvar>
            <setvar action="Set" varname="SCORE">100</setvar>
          </respcondition>
        </resprocessing>
      </item>
      <item title="Q4" ident="65465c9c7cd54_118">
        <itemmetadata>
          <qtimetadata>
            <qtimetadatafield>
              <fieldlabel>question_type</fieldlabel>
              <fieldentry>multiple_choice_question</fieldentry>
            </qtimetadatafield>
            <qtimetadatafield>
              <fieldlabel>points_possible</fieldlabel>
              <fieldentry>1</fieldentry>
            </qtimetadatafield>
            <qtimetadatafield>
              <fieldlabel>assessment_question_identifierref</fieldlabel>
              <fieldentry>65465c9c7cd54_119</fieldentry>
            </qtimetadatafield>
          </qtimetadata>
        </itemmetadata>
        <presentation>
          <material>
            <mattext texttype="text/html">What is the printf conversion code in modern C to print out a pointer in
hexadecimal format like &amp;apos;0x16f5b31ec&amp;apos;?</mattext>
          </material>
          <response_lid ident="response1" rcardinality="Single">
            <render_choice shuffle="Yes">
              <response_label ident="120">
                <material>
                  <mattext texttype="text/html">%p</mattext>
                </material>
              </response_label>
              <response_label ident="121">
                <material>
                  <mattext texttype="text/html">%d</mattext>
                </material>
              </response_label>
              <response_label ident="122">
                <material>
                  <mattext texttype="text/html">%x</mattext>
                </material>
              </response_label>
              <response_label ident="123">
                <material>
                  <mattext texttype="text/html">%f</mattext>
                </material>
              </response_label>
            </render_choice>
          </response_lid>
        </presentation>
        <resprocessing>
          <outcomes>
            <decvar maxvalue="100" minvalue="0" varname="SCORE" vartype="Decimal"/>
          </outcomes>
          <respcondition continue="No">
            <conditionvar>
              <varequal respident="response1">120</varequal>
            </conditionvar>
            <setvar action="Set" varname="SCORE">100</setvar>
          </respcondition>
        </resprocessing>
      </item>
      <item title="Q5" ident="65465c9c7cd54_124">
        <itemmetadata>
          <qtimetadata>
            <qtimetadatafield>
              <fieldlabel>question_type</fieldlabel>
              <fieldentry>multiple_choice_question</fieldentry>
            </qtimetadatafield>
            <qtimetadatafield>
              <fieldlabel>points_possible</fieldlabel>
              <fieldentry>1</fieldentry>
            </qtimetadatafield>
            <qtimetadatafield>
              <fieldlabel>assessment_question_identifierref</fieldlabel>
              <fieldentry>65465c9c7cd54_125</fieldentry>
            </qtimetadatafield>
          </qtimetadata>
        </itemmetadata>
        <presentation>
          <material>
            <mattext texttype="text/html">What function in Python is roughly equivalent to finding the address of a
a variable.</mattext>
          </material>
          <response_lid ident="response1" rcardinality="Single">
            <render_choice shuffle="Yes">
              <response_label ident="126">
                <material>
                  <mattext texttype="text/html">id()</mattext>
                </material>
              </response_label>
              <response_label ident="127">
                <material>
                  <mattext texttype="text/html">dir()</mattext>
                </material>
              </response_label>
              <response_label ident="128">
                <material>
                  <mattext texttype="text/html">deref()</mattext>
                </material>
              </response_label>
              <response_label ident="129">
                <material>
                  <mattext texttype="text/html">type()</mattext>
                </material>
              </response_label>
              <response_label ident="130">
                <material>
                  <mattext texttype="text/html">loc()</mattext>
                </material>
              </response_label>
            </render_choice>
          </response_lid>
        </presentation>
        <resprocessing>
          <outcomes>
            <decvar maxvalue="100" minvalue="0" varname="SCORE" vartype="Decimal"/>
          </outcomes>
          <respcondition continue="No">
            <conditionvar>
              <varequal respident="response1">126</varequal>
            </conditionvar>
            <setvar action="Set" varname="SCORE">100</setvar>
          </respcondition>
        </resprocessing>
      </item>
      <item title="Q6" ident="65465c9c7cd54_131">
        <itemmetadata>
          <qtimetadata>
            <qtimetadatafield>
              <fieldlabel>question_type</fieldlabel>
              <fieldentry>multiple_choice_question</fieldentry>
            </qtimetadatafield>
            <qtimetadatafield>
              <fieldlabel>points_possible</fieldlabel>
              <fieldentry>1</fieldentry>
            </qtimetadatafield>
            <qtimetadatafield>
              <fieldlabel>assessment_question_identifierref</fieldlabel>
              <fieldentry>65465c9c7cd54_132</fieldentry>
            </qtimetadatafield>
          </qtimetadata>
        </itemmetadata>
        <presentation>
          <material>
            <mattext texttype="text/html">What is CPython?</mattext>
          </material>
          <response_lid ident="response1" rcardinality="Single">
            <render_choice shuffle="Yes">
              <response_label ident="133">
                <material>
                  <mattext texttype="text/html">The Python implementation written in C</mattext>
                </material>
              </response_label>
              <response_label ident="134">
                <material>
                  <mattext texttype="text/html">Python 3 - (i.e. Python2 was BPython)</mattext>
                </material>
              </response_label>
              <response_label ident="135">
                <material>
                  <mattext texttype="text/html">Compact Python</mattext>
                </material>
              </response_label>
              <response_label ident="136">
                <material>
                  <mattext texttype="text/html">A marketing message (i.e. &amp;quot;See Python&amp;quot;)</mattext>
                </material>
              </response_label>
            </render_choice>
          </response_lid>
        </presentation>
        <resprocessing>
          <outcomes>
            <decvar maxvalue="100" minvalue="0" varname="SCORE" vartype="Decimal"/>
          </outcomes>
          <respcondition continue="No">
            <conditionvar>
              <varequal respident="response1">133</varequal>
            </conditionvar>
            <setvar action="Set" varname="SCORE">100</setvar>
          </respcondition>
        </resprocessing>
      </item>
      <item title="Q7" ident="65465c9c7cd54_137">
        <itemmetadata>
          <qtimetadata>
            <qtimetadatafield>
              <fieldlabel>question_type</fieldlabel>
              <fieldentry>multiple_choice_question</fieldentry>
            </qtimetadatafield>
            <qtimetadatafield>
              <fieldlabel>points_possible</fieldlabel>
              <fieldentry>1</fieldentry>
            </qtimetadatafield>
            <qtimetadatafield>
              <fieldlabel>assessment_question_identifierref</fieldlabel>
              <fieldentry>65465c9c7cd54_138</fieldentry>
            </qtimetadatafield>
          </qtimetadata>
        </itemmetadata>
        <presentation>
          <material>
            <mattext texttype="text/html">Which of these languages supports call by reference for simple variables
like float or int?</mattext>
          </material>
          <response_lid ident="response1" rcardinality="Single">
            <render_choice shuffle="Yes">
              <response_label ident="139">
                <material>
                  <mattext texttype="text/html">Pascal</mattext>
                </material>
              </response_label>
              <response_label ident="140">
                <material>
                  <mattext texttype="text/html">Python</mattext>
                </material>
              </response_label>
              <response_label ident="141">
                <material>
                  <mattext texttype="text/html">JavaScript</mattext>
                </material>
              </response_label>
              <response_label ident="142">
                <material>
                  <mattext texttype="text/html">Java</mattext>
                </material>
              </response_label>
            </render_choice>
          </response_lid>
        </presentation>
        <resprocessing>
          <outcomes>
            <decvar maxvalue="100" minvalue="0" varname="SCORE" vartype="Decimal"/>
          </outcomes>
          <respcondition continue="No">
            <conditionvar>
              <varequal respident="response1">139</varequal>
            </conditionvar>
            <setvar action="Set" varname="SCORE">100</setvar>
          </respcondition>
        </resprocessing>
      </item>
      <item title="Q8" ident="65465c9c7cd54_143">
        <itemmetadata>
          <qtimetadata>
            <qtimetadatafield>
              <fieldlabel>question_type</fieldlabel>
              <fieldentry>true_false_question</fieldentry>
            </qtimetadatafield>
            <qtimetadatafield>
              <fieldlabel>points_possible</fieldlabel>
              <fieldentry>1</fieldentry>
            </qtimetadatafield>
            <qtimetadatafield>
              <fieldlabel>assessment_question_identifierref</fieldlabel>
              <fieldentry>65465c9c7cd54_144</fieldentry>
            </qtimetadatafield>
          </qtimetadata>
        </itemmetadata>
        <presentation>
          <material>
            <mattext texttype="text/html">When calling functions, FORTRAN uses call by reference.</mattext>
          </material>
          <response_lid ident="response1" rcardinality="Single">
            <render_choice>
              <response_label ident="145">
                <material>
                  <mattext texttype="text/plain">True</mattext>
                </material>
              </response_label>
              <response_label ident="146">
                <material>
                  <mattext texttype="text/plain">False</mattext>
                </material>
              </response_label>
            </render_choice>
          </response_lid>
        </presentation>
        <resprocessing>
          <outcomes>
            <decvar maxvalue="100" minvalue="0" varname="SCORE" vartype="Decimal"/>
          </outcomes>
          <respcondition continue="No">
            <conditionvar>
              <varequal respident="response1">145</varequal>
            </conditionvar>
            <setvar action="Set" varname="SCORE">100</setvar>
          </respcondition>
        </resprocessing>
      </item>
      <item title="Q9" ident="65465c9c7cd54_147">
        <itemmetadata>
          <qtimetadata>
            <qtimetadatafield>
              <fieldlabel>question_type</fieldlabel>
              <fieldentry>multiple_choice_question</fieldentry>
            </qtimetadatafield>
            <qtimetadatafield>
              <fieldlabel>points_possible</fieldlabel>
              <fieldentry>1</fieldentry>
            </qtimetadatafield>
            <qtimetadatafield>
              <fieldlabel>assessment_question_identifierref</fieldlabel>
              <fieldentry>65465c9c7cd54_148</fieldentry>
            </qtimetadatafield>
          </qtimetadata>
        </itemmetadata>
        <presentation>
          <material>
            <mattext texttype="text/html">Which of the following languages does Dr. Chuck think has the most elegant
implementation of call by reference?</mattext>
          </material>
          <response_lid ident="response1" rcardinality="Single">
            <render_choice shuffle="Yes">
              <response_label ident="149">
                <material>
                  <mattext texttype="text/html">PHP</mattext>
                </material>
              </response_label>
              <response_label ident="150">
                <material>
                  <mattext texttype="text/html">Python</mattext>
                </material>
              </response_label>
              <response_label ident="151">
                <material>
                  <mattext texttype="text/html">Pascal</mattext>
                </material>
              </response_label>
              <response_label ident="152">
                <material>
                  <mattext texttype="text/html">JavaScript</mattext>
                </material>
              </response_label>
            </render_choice>
          </response_lid>
        </presentation>
        <resprocessing>
          <outcomes>
            <decvar maxvalue="100" minvalue="0" varname="SCORE" vartype="Decimal"/>
          </outcomes>
          <respcondition continue="No">
            <conditionvar>
              <varequal respident="response1">149</varequal>
            </conditionvar>
            <setvar action="Set" varname="SCORE">100</setvar>
          </respcondition>
        </resprocessing>
      </item>
    </section>
  </assessment>
</questestinterop>
