<?xml version="1.0" encoding="UTF-8"?>
<questestinterop xmlns="http://www.imsglobal.org/xsd/ims_qtiasiv1p2" xmlns:xsi="http://www.w3.org/2001/XMLSchema-instance" xsi:schemaLocation="http://www.imsglobal.org/xsd/ims_qtiasiv1p2 http://www.imsglobal.org/xsd/ims_qtiasiv1p2p1.xsd">
  <assessment ident="65465ad839e7c" title="gift">
    <section ident="root_section">
      <item title="Q1-03" ident="65465ad839e7c_100">
        <itemmetadata>
          <qtimetadata>
            <qtimetadatafield>
              <fieldlabel>question_type</fieldlabel>
              <fieldentry>multiple_choice_question</fieldentry>
            </qtimetadatafield>
            <qtimetadatafield>
              <fieldlabel>points_possible</fieldlabel>
              <fieldentry>1</fieldentry>
            </qtimetadatafield>
            <qtimetadatafield>
              <fieldlabel>assessment_question_identifierref</fieldlabel>
              <fieldentry>65465ad839e7c_101</fieldentry>
            </qtimetadatafield>
          </qtimetadata>
        </itemmetadata>
        <presentation>
          <material>
            <mattext texttype="text/html">Which of these is not a core principle of Object Oriented programming?</mattext>
          </material>
          <response_lid ident="response1" rcardinality="Single">
            <render_choice shuffle="Yes">
              <response_label ident="102">
                <material>
                  <mattext texttype="text/html">Invertability</mattext>
                </material>
              </response_label>
              <response_label ident="103">
                <material>
                  <mattext texttype="text/html">Encapsulation</mattext>
                </material>
              </response_label>
              <response_label ident="104">
                <material>
                  <mattext texttype="text/html">Abstraction</mattext>
                </material>
              </response_label>
              <response_label ident="105">
                <material>
                  <mattext texttype="text/html">Inheritance</mattext>
                </material>
              </response_label>
            </render_choice>
          </response_lid>
        </presentation>
        <resprocessing>
          <outcomes>
            <decvar maxvalue="100" minvalue="0" varname="SCORE" vartype="Decimal"/>
          </outcomes>
          <respcondition continue="No">
            <conditionvar>
              <varequal respident="response1">102</varequal>
            </conditionvar>
            <setvar action="Set" varname="SCORE">100</setvar>
          </respcondition>
        </resprocessing>
      </item>
      <item title="Q2-08" ident="65465ad839e7c_106">
        <itemmetadata>
          <qtimetadata>
            <qtimetadatafield>
              <fieldlabel>question_type</fieldlabel>
              <fieldentry>multiple_choice_question</fieldentry>
            </qtimetadatafield>
            <qtimetadatafield>
              <fieldlabel>points_possible</fieldlabel>
              <fieldentry>1</fieldentry>
            </qtimetadatafield>
            <qtimetadatafield>
              <fieldlabel>assessment_question_identifierref</fieldlabel>
              <fieldentry>65465ad839e7c_107</fieldentry>
            </qtimetadatafield>
          </qtimetadata>
        </itemmetadata>
        <presentation>
          <material>
            <mattext texttype="text/html">Why might a person building the code for an object want a &amp;quot;private&amp;quot; attribute?</mattext>
          </material>
          <response_lid ident="response1" rcardinality="Single">
            <render_choice shuffle="Yes">
              <response_label ident="108">
                <material>
                  <mattext texttype="text/html">They want to be able to change how the attribute is used without breaking the internal object code</mattext>
                </material>
              </response_label>
              <response_label ident="109">
                <material>
                  <mattext texttype="text/html">They want a single instance of the attribute to be shared across all instances of the object</mattext>
                </material>
              </response_label>
              <response_label ident="110">
                <material>
                  <mattext texttype="text/html">They do not want to pre-initialize the sttribute before the constructor executes</mattext>
                </material>
              </response_label>
              <response_label ident="111">
                <material>
                  <mattext texttype="text/html">They want to be able to allocate the attribute to a CPU register for maximum performance</mattext>
                </material>
              </response_label>
            </render_choice>
          </response_lid>
        </presentation>
        <resprocessing>
          <outcomes>
            <decvar maxvalue="100" minvalue="0" varname="SCORE" vartype="Decimal"/>
          </outcomes>
          <respcondition continue="No">
            <conditionvar>
              <varequal respident="response1">108</varequal>
            </conditionvar>
            <setvar action="Set" varname="SCORE">100</setvar>
          </respcondition>
        </resprocessing>
      </item>
      <item title="Q3-10" ident="65465ad839e7c_112">
        <itemmetadata>
          <qtimetadata>
            <qtimetadatafield>
              <fieldlabel>question_type</fieldlabel>
              <fieldentry>multiple_choice_question</fieldentry>
            </qtimetadatafield>
            <qtimetadatafield>
              <fieldlabel>points_possible</fieldlabel>
              <fieldentry>1</fieldentry>
            </qtimetadatafield>
            <qtimetadatafield>
              <fieldlabel>assessment_question_identifierref</fieldlabel>
              <fieldentry>65465ad839e7c_113</fieldentry>
            </qtimetadatafield>
          </qtimetadata>
        </itemmetadata>
        <presentation>
          <material>
            <mattext texttype="text/html">In Java and C++ Objects have an access level between &amp;quot;public&amp;quot; and &amp;quot;private&amp;quot;.
What is the name of this access level?</mattext>
          </material>
          <response_lid ident="response1" rcardinality="Single">
            <render_choice shuffle="Yes">
              <response_label ident="114">
                <material>
                  <mattext texttype="text/html">protected</mattext>
                </material>
              </response_label>
              <response_label ident="115">
                <material>
                  <mattext texttype="text/html">between</mattext>
                </material>
              </response_label>
              <response_label ident="116">
                <material>
                  <mattext texttype="text/html">translucent</mattext>
                </material>
              </response_label>
              <response_label ident="117">
                <material>
                  <mattext texttype="text/html">intermediate</mattext>
                </material>
              </response_label>
            </render_choice>
          </response_lid>
        </presentation>
        <resprocessing>
          <outcomes>
            <decvar maxvalue="100" minvalue="0" varname="SCORE" vartype="Decimal"/>
          </outcomes>
          <respcondition continue="No">
            <conditionvar>
              <varequal respident="response1">114</varequal>
            </conditionvar>
            <setvar action="Set" varname="SCORE">100</setvar>
          </respcondition>
        </resprocessing>
      </item>
      <item title="Q4-12" ident="65465ad839e7c_118">
        <itemmetadata>
          <qtimetadata>
            <qtimetadatafield>
              <fieldlabel>question_type</fieldlabel>
              <fieldentry>multiple_choice_question</fieldentry>
            </qtimetadatafield>
            <qtimetadatafield>
              <fieldlabel>points_possible</fieldlabel>
              <fieldentry>1</fieldentry>
            </qtimetadatafield>
            <qtimetadatafield>
              <fieldlabel>assessment_question_identifierref</fieldlabel>
              <fieldentry>65465ad839e7c_119</fieldentry>
            </qtimetadatafield>
          </qtimetadata>
        </itemmetadata>
        <presentation>
          <material>
            <mattext texttype="text/html">What is the Python equivalent of marking an attribute &amp;quot;private&amp;quot; in Java.</mattext>
          </material>
          <response_lid ident="response1" rcardinality="Single">
            <render_choice shuffle="Yes">
              <response_label ident="120">
                <material>
                  <mattext texttype="text/html">A double underscore prefix</mattext>
                </material>
              </response_label>
              <response_label ident="121">
                <material>
                  <mattext texttype="text/html">Labelling the attribute as &amp;quot;protected&amp;quot;</mattext>
                </material>
              </response_label>
              <response_label ident="122">
                <material>
                  <mattext texttype="text/html">Using the NonPublic label</mattext>
                </material>
              </response_label>
              <response_label ident="123">
                <material>
                  <mattext texttype="text/html">Defining the attribute outside the constructor</mattext>
                </material>
              </response_label>
            </render_choice>
          </response_lid>
        </presentation>
        <resprocessing>
          <outcomes>
            <decvar maxvalue="100" minvalue="0" varname="SCORE" vartype="Decimal"/>
          </outcomes>
          <respcondition continue="No">
            <conditionvar>
              <varequal respident="response1">120</varequal>
            </conditionvar>
            <setvar action="Set" varname="SCORE">100</setvar>
          </respcondition>
        </resprocessing>
      </item>
      <item title="Q5-13" ident="65465ad839e7c_124">
        <itemmetadata>
          <qtimetadata>
            <qtimetadatafield>
              <fieldlabel>question_type</fieldlabel>
              <fieldentry>multiple_choice_question</fieldentry>
            </qtimetadatafield>
            <qtimetadatafield>
              <fieldlabel>points_possible</fieldlabel>
              <fieldentry>1</fieldentry>
            </qtimetadatafield>
            <qtimetadatafield>
              <fieldlabel>assessment_question_identifierref</fieldlabel>
              <fieldentry>65465ad839e7c_125</fieldentry>
            </qtimetadatafield>
          </qtimetadata>
        </itemmetadata>
        <presentation>
          <material>
            <mattext texttype="text/html">What is the Python equivalent of Java&amp;apos;s &amp;quot;this&amp;quot; (i.e. a pre-defined
pointer to the object instance)?</mattext>
          </material>
          <response_lid ident="response1" rcardinality="Single">
            <render_choice shuffle="Yes">
              <response_label ident="126">
                <material>
                  <mattext texttype="text/html">self</mattext>
                </material>
              </response_label>
              <response_label ident="127">
                <material>
                  <mattext texttype="text/html">This</mattext>
                </material>
              </response_label>
              <response_label ident="128">
                <material>
                  <mattext texttype="text/html">that</mattext>
                </material>
              </response_label>
              <response_label ident="129">
                <material>
                  <mattext texttype="text/html">instance</mattext>
                </material>
              </response_label>
              <response_label ident="130">
                <material>
                  <mattext texttype="text/html">inst</mattext>
                </material>
              </response_label>
            </render_choice>
          </response_lid>
        </presentation>
        <resprocessing>
          <outcomes>
            <decvar maxvalue="100" minvalue="0" varname="SCORE" vartype="Decimal"/>
          </outcomes>
          <respcondition continue="No">
            <conditionvar>
              <varequal respident="response1">126</varequal>
            </conditionvar>
            <setvar action="Set" varname="SCORE">100</setvar>
          </respcondition>
        </resprocessing>
      </item>
      <item title="Q6-16" ident="65465ad839e7c_131">
        <itemmetadata>
          <qtimetadata>
            <qtimetadatafield>
              <fieldlabel>question_type</fieldlabel>
              <fieldentry>multiple_choice_question</fieldentry>
            </qtimetadatafield>
            <qtimetadatafield>
              <fieldlabel>points_possible</fieldlabel>
              <fieldentry>1</fieldentry>
            </qtimetadatafield>
            <qtimetadatafield>
              <fieldlabel>assessment_question_identifierref</fieldlabel>
              <fieldentry>65465ad839e7c_132</fieldentry>
            </qtimetadatafield>
          </qtimetadata>
        </itemmetadata>
        <presentation>
          <material>
            <mattext texttype="text/html">What is the PHP equivalent of a C++ map object?</mattext>
          </material>
          <response_lid ident="response1" rcardinality="Single">
            <render_choice shuffle="Yes">
              <response_label ident="133">
                <material>
                  <mattext texttype="text/html">dictionary</mattext>
                </material>
              </response_label>
              <response_label ident="134">
                <material>
                  <mattext texttype="text/html">Map</mattext>
                </material>
              </response_label>
              <response_label ident="135">
                <material>
                  <mattext texttype="text/html">array</mattext>
                </material>
              </response_label>
              <response_label ident="136">
                <material>
                  <mattext texttype="text/html">Tree</mattext>
                </material>
              </response_label>
              <response_label ident="137">
                <material>
                  <mattext texttype="text/html">Hash</mattext>
                </material>
              </response_label>
            </render_choice>
          </response_lid>
        </presentation>
        <resprocessing>
          <outcomes>
            <decvar maxvalue="100" minvalue="0" varname="SCORE" vartype="Decimal"/>
          </outcomes>
          <respcondition continue="No">
            <conditionvar>
              <varequal respident="response1">135</varequal>
            </conditionvar>
            <setvar action="Set" varname="SCORE">100</setvar>
          </respcondition>
        </resprocessing>
      </item>
      <item title="Q7-16" ident="65465ad839e7c_138">
        <itemmetadata>
          <qtimetadata>
            <qtimetadatafield>
              <fieldlabel>question_type</fieldlabel>
              <fieldentry>multiple_choice_question</fieldentry>
            </qtimetadatafield>
            <qtimetadatafield>
              <fieldlabel>points_possible</fieldlabel>
              <fieldentry>1</fieldentry>
            </qtimetadatafield>
            <qtimetadatafield>
              <fieldlabel>assessment_question_identifierref</fieldlabel>
              <fieldentry>65465ad839e7c_139</fieldentry>
            </qtimetadatafield>
          </qtimetadata>
        </itemmetadata>
        <presentation>
          <material>
            <mattext texttype="text/html">What is the Python equivalent of a C++ map object?</mattext>
          </material>
          <response_lid ident="response1" rcardinality="Single">
            <render_choice shuffle="Yes">
              <response_label ident="140">
                <material>
                  <mattext texttype="text/html">dictionary</mattext>
                </material>
              </response_label>
              <response_label ident="141">
                <material>
                  <mattext texttype="text/html">Map</mattext>
                </material>
              </response_label>
              <response_label ident="142">
                <material>
                  <mattext texttype="text/html">array</mattext>
                </material>
              </response_label>
              <response_label ident="143">
                <material>
                  <mattext texttype="text/html">Tree</mattext>
                </material>
              </response_label>
              <response_label ident="144">
                <material>
                  <mattext texttype="text/html">Hash</mattext>
                </material>
              </response_label>
            </render_choice>
          </response_lid>
        </presentation>
        <resprocessing>
          <outcomes>
            <decvar maxvalue="100" minvalue="0" varname="SCORE" vartype="Decimal"/>
          </outcomes>
          <respcondition continue="No">
            <conditionvar>
              <varequal respident="response1">140</varequal>
            </conditionvar>
            <setvar action="Set" varname="SCORE">100</setvar>
          </respcondition>
        </resprocessing>
      </item>
      <item title="Q8-25" ident="65465ad839e7c_145">
        <itemmetadata>
          <qtimetadata>
            <qtimetadatafield>
              <fieldlabel>question_type</fieldlabel>
              <fieldentry>multiple_choice_question</fieldentry>
            </qtimetadatafield>
            <qtimetadatafield>
              <fieldlabel>points_possible</fieldlabel>
              <fieldentry>1</fieldentry>
            </qtimetadatafield>
            <qtimetadatafield>
              <fieldlabel>assessment_question_identifierref</fieldlabel>
              <fieldentry>65465ad839e7c_146</fieldentry>
            </qtimetadatafield>
          </qtimetadata>
        </itemmetadata>
        <presentation>
          <material>
            <mattext texttype="text/html">According to the lecture in this course, what is the correct ordering of the dates
these languages were invented from earliest to most recent?</mattext>
          </material>
          <response_lid ident="response1" rcardinality="Single">
            <render_choice shuffle="Yes">
              <response_label ident="147">
                <material>
                  <mattext texttype="text/html">C C++ Python</mattext>
                </material>
              </response_label>
              <response_label ident="148">
                <material>
                  <mattext texttype="text/html">Python C++ C</mattext>
                </material>
              </response_label>
              <response_label ident="149">
                <material>
                  <mattext texttype="text/html">C++ C-- C</mattext>
                </material>
              </response_label>
              <response_label ident="150">
                <material>
                  <mattext texttype="text/html">C C+ C++</mattext>
                </material>
              </response_label>
            </render_choice>
          </response_lid>
        </presentation>
        <resprocessing>
          <outcomes>
            <decvar maxvalue="100" minvalue="0" varname="SCORE" vartype="Decimal"/>
          </outcomes>
          <respcondition continue="No">
            <conditionvar>
              <varequal respident="response1">147</varequal>
            </conditionvar>
            <setvar action="Set" varname="SCORE">100</setvar>
          </respcondition>
        </resprocessing>
      </item>
      <item title="Q8-27" ident="65465ad839e7c_151">
        <itemmetadata>
          <qtimetadata>
            <qtimetadatafield>
              <fieldlabel>question_type</fieldlabel>
              <fieldentry>multiple_choice_question</fieldentry>
            </qtimetadatafield>
            <qtimetadatafield>
              <fieldlabel>points_possible</fieldlabel>
              <fieldentry>1</fieldentry>
            </qtimetadatafield>
            <qtimetadatafield>
              <fieldlabel>assessment_question_identifierref</fieldlabel>
              <fieldentry>65465ad839e7c_152</fieldentry>
            </qtimetadatafield>
          </qtimetadata>
        </itemmetadata>
        <presentation>
          <material>
            <mattext texttype="text/html">What Object Oriented feature is found in C++ and no other mainstream
OO languages?</mattext>
          </material>
          <response_lid ident="response1" rcardinality="Single">
            <render_choice shuffle="Yes">
              <response_label ident="153">
                <material>
                  <mattext texttype="text/html">operator overloading</mattext>
                </material>
              </response_label>
              <response_label ident="154">
                <material>
                  <mattext texttype="text/html">public</mattext>
                </material>
              </response_label>
              <response_label ident="155">
                <material>
                  <mattext texttype="text/html">private</mattext>
                </material>
              </response_label>
              <response_label ident="156">
                <material>
                  <mattext texttype="text/html">inheritance</mattext>
                </material>
              </response_label>
              <response_label ident="157">
                <material>
                  <mattext texttype="text/html">incapsulation</mattext>
                </material>
              </response_label>
            </render_choice>
          </response_lid>
        </presentation>
        <resprocessing>
          <outcomes>
            <decvar maxvalue="100" minvalue="0" varname="SCORE" vartype="Decimal"/>
          </outcomes>
          <respcondition continue="No">
            <conditionvar>
              <varequal respident="response1">153</varequal>
            </conditionvar>
            <setvar action="Set" varname="SCORE">100</setvar>
          </respcondition>
        </resprocessing>
      </item>
    </section>
  </assessment>
</questestinterop>
