<?xml version="1.0" encoding="UTF-8"?>
<questestinterop xmlns="http://www.imsglobal.org/xsd/ims_qtiasiv1p2" xmlns:xsi="http://www.w3.org/2001/XMLSchema-instance" xsi:schemaLocation="http://www.imsglobal.org/xsd/ims_qtiasiv1p2 http://www.imsglobal.org/xsd/ims_qtiasiv1p2p1.xsd">
  <assessment ident="654654d015a43" title="gift">
    <section ident="root_section">
      <item title="Q1" ident="654654d015a43_100">
        <itemmetadata>
          <qtimetadata>
            <qtimetadatafield>
              <fieldlabel>question_type</fieldlabel>
              <fieldentry>multiple_choice_question</fieldentry>
            </qtimetadatafield>
            <qtimetadatafield>
              <fieldlabel>points_possible</fieldlabel>
              <fieldentry>1</fieldentry>
            </qtimetadatafield>
            <qtimetadatafield>
              <fieldlabel>assessment_question_identifierref</fieldlabel>
              <fieldentry>654654d015a43_101</fieldentry>
            </qtimetadatafield>
          </qtimetadata>
        </itemmetadata>
        <presentation>
          <material>
            <mattext texttype="text/plain">Which of the following storage classes is not used in modern C programs?</mattext>
          </material>
          <response_lid ident="response1" rcardinality="Single">
            <render_choice shuffle="Yes">
              <response_label ident="102">
                <material>
                  <mattext texttype="text/plain">register</mattext>
                </material>
              </response_label>
              <response_label ident="103">
                <material>
                  <mattext texttype="text/plain">automatic</mattext>
                </material>
              </response_label>
              <response_label ident="104">
                <material>
                  <mattext texttype="text/plain">extern</mattext>
                </material>
              </response_label>
              <response_label ident="105">
                <material>
                  <mattext texttype="text/plain">static</mattext>
                </material>
              </response_label>
            </render_choice>
          </response_lid>
        </presentation>
        <resprocessing>
          <outcomes>
            <decvar maxvalue="100" minvalue="0" varname="SCORE" vartype="Decimal"/>
          </outcomes>
          <respcondition continue="No">
            <conditionvar>
              <varequal respident="response1">102</varequal>
            </conditionvar>
            <setvar action="Set" varname="SCORE">100</setvar>
          </respcondition>
        </resprocessing>
      </item>
      <item title="Q2" ident="654654d015a43_106">
        <itemmetadata>
          <qtimetadata>
            <qtimetadatafield>
              <fieldlabel>question_type</fieldlabel>
              <fieldentry>multiple_choice_question</fieldentry>
            </qtimetadatafield>
            <qtimetadatafield>
              <fieldlabel>points_possible</fieldlabel>
              <fieldentry>1</fieldentry>
            </qtimetadatafield>
            <qtimetadatafield>
              <fieldlabel>assessment_question_identifierref</fieldlabel>
              <fieldentry>654654d015a43_107</fieldentry>
            </qtimetadatafield>
          </qtimetadata>
        </itemmetadata>
        <presentation>
          <material>
            <mattext texttype="text/plain">Which methods in the Python list() object provide stack-like functionality?</mattext>
          </material>
          <response_lid ident="response1" rcardinality="Single">
            <render_choice shuffle="Yes">
              <response_label ident="108">
                <material>
                  <mattext texttype="text/plain">append / pop</mattext>
                </material>
              </response_label>
              <response_label ident="109">
                <material>
                  <mattext texttype="text/plain">push / pop</mattext>
                </material>
              </response_label>
              <response_label ident="110">
                <material>
                  <mattext texttype="text/plain">enqueue / dequeue</mattext>
                </material>
              </response_label>
              <response_label ident="111">
                <material>
                  <mattext texttype="text/plain">enqueue / pop</mattext>
                </material>
              </response_label>
            </render_choice>
          </response_lid>
        </presentation>
        <resprocessing>
          <outcomes>
            <decvar maxvalue="100" minvalue="0" varname="SCORE" vartype="Decimal"/>
          </outcomes>
          <respcondition continue="No">
            <conditionvar>
              <varequal respident="response1">108</varequal>
            </conditionvar>
            <setvar action="Set" varname="SCORE">100</setvar>
          </respcondition>
        </resprocessing>
      </item>
      <item title="Q3" ident="654654d015a43_112">
        <itemmetadata>
          <qtimetadata>
            <qtimetadatafield>
              <fieldlabel>question_type</fieldlabel>
              <fieldentry>multiple_choice_question</fieldentry>
            </qtimetadatafield>
            <qtimetadatafield>
              <fieldlabel>points_possible</fieldlabel>
              <fieldentry>1</fieldentry>
            </qtimetadatafield>
            <qtimetadatafield>
              <fieldlabel>assessment_question_identifierref</fieldlabel>
              <fieldentry>654654d015a43_113</fieldentry>
            </qtimetadatafield>
          </qtimetadata>
        </itemmetadata>
        <presentation>
          <material>
            <mattext texttype="text/plain">Which of the following storage types are allocated in the stack frame
when a function is entered?</mattext>
          </material>
          <response_lid ident="response1" rcardinality="Single">
            <render_choice shuffle="Yes">
              <response_label ident="114">
                <material>
                  <mattext texttype="text/plain">automatic</mattext>
                </material>
              </response_label>
              <response_label ident="115">
                <material>
                  <mattext texttype="text/plain">extern</mattext>
                </material>
              </response_label>
              <response_label ident="116">
                <material>
                  <mattext texttype="text/plain">static</mattext>
                </material>
              </response_label>
              <response_label ident="117">
                <material>
                  <mattext texttype="text/plain">common</mattext>
                </material>
              </response_label>
            </render_choice>
          </response_lid>
        </presentation>
        <resprocessing>
          <outcomes>
            <decvar maxvalue="100" minvalue="0" varname="SCORE" vartype="Decimal"/>
          </outcomes>
          <respcondition continue="No">
            <conditionvar>
              <varequal respident="response1">114</varequal>
            </conditionvar>
            <setvar action="Set" varname="SCORE">100</setvar>
          </respcondition>
        </resprocessing>
      </item>
      <item title="Q4" ident="654654d015a43_118">
        <itemmetadata>
          <qtimetadata>
            <qtimetadatafield>
              <fieldlabel>question_type</fieldlabel>
              <fieldentry>multiple_choice_question</fieldentry>
            </qtimetadatafield>
            <qtimetadatafield>
              <fieldlabel>points_possible</fieldlabel>
              <fieldentry>1</fieldentry>
            </qtimetadatafield>
            <qtimetadatafield>
              <fieldlabel>assessment_question_identifierref</fieldlabel>
              <fieldentry>654654d015a43_119</fieldentry>
            </qtimetadatafield>
          </qtimetadata>
        </itemmetadata>
        <presentation>
          <material>
            <mattext texttype="text/plain">What is the Celsius equivalent of 68F?</mattext>
          </material>
          <response_lid ident="response1" rcardinality="Single">
            <render_choice shuffle="Yes">
              <response_label ident="120">
                <material>
                  <mattext texttype="text/plain">20</mattext>
                </material>
              </response_label>
              <response_label ident="121">
                <material>
                  <mattext texttype="text/plain">22</mattext>
                </material>
              </response_label>
              <response_label ident="122">
                <material>
                  <mattext texttype="text/plain">68</mattext>
                </material>
              </response_label>
              <response_label ident="123">
                <material>
                  <mattext texttype="text/plain">40</mattext>
                </material>
              </response_label>
              <response_label ident="124">
                <material>
                  <mattext texttype="text/plain">273</mattext>
                </material>
              </response_label>
            </render_choice>
          </response_lid>
        </presentation>
        <resprocessing>
          <outcomes>
            <decvar maxvalue="100" minvalue="0" varname="SCORE" vartype="Decimal"/>
          </outcomes>
          <respcondition continue="No">
            <conditionvar>
              <varequal respident="response1">120</varequal>
            </conditionvar>
            <setvar action="Set" varname="SCORE">100</setvar>
          </respcondition>
        </resprocessing>
      </item>
      <item title="Q5" ident="654654d015a43_125">
        <itemmetadata>
          <qtimetadata>
            <qtimetadatafield>
              <fieldlabel>question_type</fieldlabel>
              <fieldentry>multiple_choice_question</fieldentry>
            </qtimetadatafield>
            <qtimetadatafield>
              <fieldlabel>points_possible</fieldlabel>
              <fieldentry>1</fieldentry>
            </qtimetadatafield>
            <qtimetadatafield>
              <fieldlabel>assessment_question_identifierref</fieldlabel>
              <fieldentry>654654d015a43_126</fieldentry>
            </qtimetadatafield>
          </qtimetadata>
        </itemmetadata>
        <presentation>
          <material>
            <mattext texttype="text/plain">Why can a function change the contents of an array of characters even though
the array is passed into the function "by value".</mattext>
          </material>
          <response_lid ident="response1" rcardinality="Single">
            <render_choice shuffle="Yes">
              <response_label ident="127">
                <material>
                  <mattext texttype="text/plain">Because the location of the array data is passed into the function</mattext>
                </material>
              </response_label>
              <response_label ident="128">
                <material>
                  <mattext texttype="text/plain">Because the function can access the methods in the array object</mattext>
                </material>
              </response_label>
              <response_label ident="129">
                <material>
                  <mattext texttype="text/plain">Because C copies the array contents back to the main program when the function returns</mattext>
                </material>
              </response_label>
              <response_label ident="130">
                <material>
                  <mattext texttype="text/plain">Because the virtual memory map in Intel x86 processors allows two addresses to map to the same memory location.</mattext>
                </material>
              </response_label>
            </render_choice>
          </response_lid>
        </presentation>
        <resprocessing>
          <outcomes>
            <decvar maxvalue="100" minvalue="0" varname="SCORE" vartype="Decimal"/>
          </outcomes>
          <respcondition continue="No">
            <conditionvar>
              <varequal respident="response1">127</varequal>
            </conditionvar>
            <setvar action="Set" varname="SCORE">100</setvar>
          </respcondition>
        </resprocessing>
      </item>
      <item title="Q6" ident="654654d015a43_131">
        <itemmetadata>
          <qtimetadata>
            <qtimetadatafield>
              <fieldlabel>question_type</fieldlabel>
              <fieldentry>multiple_choice_question</fieldentry>
            </qtimetadatafield>
            <qtimetadatafield>
              <fieldlabel>points_possible</fieldlabel>
              <fieldentry>1</fieldentry>
            </qtimetadatafield>
            <qtimetadatafield>
              <fieldlabel>assessment_question_identifierref</fieldlabel>
              <fieldentry>654654d015a43_132</fieldentry>
            </qtimetadatafield>
          </qtimetadata>
        </itemmetadata>
        <presentation>
          <material>
            <mattext texttype="text/plain">What is the best definition of "recursion"?</mattext>
          </material>
          <response_lid ident="response1" rcardinality="Single">
            <render_choice shuffle="Yes">
              <response_label ident="133">
                <material>
                  <mattext texttype="text/plain">See recursion</mattext>
                </material>
              </response_label>
              <response_label ident="134">
                <material>
                  <mattext texttype="text/plain">Looping and callbacks</mattext>
                </material>
              </response_label>
              <response_label ident="135">
                <material>
                  <mattext texttype="text/plain">First class functions</mattext>
                </material>
              </response_label>
              <response_label ident="136">
                <material>
                  <mattext texttype="text/plain">Refactoring best practice</mattext>
                </material>
              </response_label>
            </render_choice>
          </response_lid>
        </presentation>
        <resprocessing>
          <outcomes>
            <decvar maxvalue="100" minvalue="0" varname="SCORE" vartype="Decimal"/>
          </outcomes>
          <respcondition continue="No">
            <conditionvar>
              <varequal respident="response1">133</varequal>
            </conditionvar>
            <setvar action="Set" varname="SCORE">100</setvar>
          </respcondition>
        </resprocessing>
      </item>
      <item title="Q7" ident="654654d015a43_137">
        <itemmetadata>
          <qtimetadata>
            <qtimetadatafield>
              <fieldlabel>question_type</fieldlabel>
              <fieldentry>multiple_choice_question</fieldentry>
            </qtimetadatafield>
            <qtimetadatafield>
              <fieldlabel>points_possible</fieldlabel>
              <fieldentry>1</fieldentry>
            </qtimetadatafield>
            <qtimetadatafield>
              <fieldlabel>assessment_question_identifierref</fieldlabel>
              <fieldentry>654654d015a43_138</fieldentry>
            </qtimetadatafield>
          </qtimetadata>
        </itemmetadata>
        <presentation>
          <material>
            <mattext texttype="text/plain">In modern C, what does it mean when the type of a function is 'void'?</mattext>
          </material>
          <response_lid ident="response1" rcardinality="Single">
            <render_choice shuffle="Yes">
              <response_label ident="139">
                <material>
                  <mattext texttype="text/plain">The function does not return a value</mattext>
                </material>
              </response_label>
              <response_label ident="140">
                <material>
                  <mattext texttype="text/plain">The function return value must be explicitly converted to an int</mattext>
                </material>
              </response_label>
              <response_label ident="141">
                <material>
                  <mattext texttype="text/plain">The function returns an address and not a value</mattext>
                </material>
              </response_label>
              <response_label ident="142">
                <material>
                  <mattext texttype="text/plain">The function body is empty and will be defined after the program starts</mattext>
                </material>
              </response_label>
            </render_choice>
          </response_lid>
        </presentation>
        <resprocessing>
          <outcomes>
            <decvar maxvalue="100" minvalue="0" varname="SCORE" vartype="Decimal"/>
          </outcomes>
          <respcondition continue="No">
            <conditionvar>
              <varequal respident="response1">139</varequal>
            </conditionvar>
            <setvar action="Set" varname="SCORE">100</setvar>
          </respcondition>
        </resprocessing>
      </item>
      <item title="Q8" ident="654654d015a43_143">
        <itemmetadata>
          <qtimetadata>
            <qtimetadatafield>
              <fieldlabel>question_type</fieldlabel>
              <fieldentry>multiple_choice_question</fieldentry>
            </qtimetadatafield>
            <qtimetadatafield>
              <fieldlabel>points_possible</fieldlabel>
              <fieldentry>1</fieldentry>
            </qtimetadatafield>
            <qtimetadatafield>
              <fieldlabel>assessment_question_identifierref</fieldlabel>
              <fieldentry>654654d015a43_144</fieldentry>
            </qtimetadatafield>
          </qtimetadata>
        </itemmetadata>
        <presentation>
          <material>
            <mattext texttype="text/plain">In the 1978 C dialect, what is the default return type for a function?</mattext>
          </material>
          <response_lid ident="response1" rcardinality="Single">
            <render_choice shuffle="Yes">
              <response_label ident="145">
                <material>
                  <mattext texttype="text/plain">int</mattext>
                </material>
              </response_label>
              <response_label ident="146">
                <material>
                  <mattext texttype="text/plain">void</mattext>
                </material>
              </response_label>
              <response_label ident="147">
                <material>
                  <mattext texttype="text/plain">null</mattext>
                </material>
              </response_label>
              <response_label ident="148">
                <material>
                  <mattext texttype="text/plain">str</mattext>
                </material>
              </response_label>
              <response_label ident="149">
                <material>
                  <mattext texttype="text/plain">list</mattext>
                </material>
              </response_label>
            </render_choice>
          </response_lid>
        </presentation>
        <resprocessing>
          <outcomes>
            <decvar maxvalue="100" minvalue="0" varname="SCORE" vartype="Decimal"/>
          </outcomes>
          <respcondition continue="No">
            <conditionvar>
              <varequal respident="response1">145</varequal>
            </conditionvar>
            <setvar action="Set" varname="SCORE">100</setvar>
          </respcondition>
        </resprocessing>
      </item>
      <item title="Q9" ident="654654d015a43_150">
        <itemmetadata>
          <qtimetadata>
            <qtimetadatafield>
              <fieldlabel>question_type</fieldlabel>
              <fieldentry>multiple_choice_question</fieldentry>
            </qtimetadatafield>
            <qtimetadatafield>
              <fieldlabel>points_possible</fieldlabel>
              <fieldentry>1</fieldentry>
            </qtimetadatafield>
            <qtimetadatafield>
              <fieldlabel>assessment_question_identifierref</fieldlabel>
              <fieldentry>654654d015a43_151</fieldentry>
            </qtimetadatafield>
          </qtimetadata>
        </itemmetadata>
        <presentation>
          <material>
            <mattext texttype="text/plain">What is the scope of a extern variable?</mattext>
          </material>
          <response_lid ident="response1" rcardinality="Single">
            <render_choice shuffle="Yes">
              <response_label ident="152">
                <material>
                  <mattext texttype="text/plain">The block in which it is defined</mattext>
                </material>
              </response_label>
              <response_label ident="153">
                <material>
                  <mattext texttype="text/plain">The function in which it is defined</mattext>
                </material>
              </response_label>
              <response_label ident="154">
                <material>
                  <mattext texttype="text/plain">The file in which it is defined</mattext>
                </material>
              </response_label>
              <response_label ident="155">
                <material>
                  <mattext texttype="text/plain">The application in which it is defined.</mattext>
                </material>
              </response_label>
            </render_choice>
          </response_lid>
        </presentation>
        <resprocessing>
          <outcomes>
            <decvar maxvalue="100" minvalue="0" varname="SCORE" vartype="Decimal"/>
          </outcomes>
          <respcondition continue="No">
            <conditionvar>
              <varequal respident="response1">155</varequal>
            </conditionvar>
            <setvar action="Set" varname="SCORE">100</setvar>
          </respcondition>
        </resprocessing>
      </item>
      <item title="Q10" ident="654654d015a43_156">
        <itemmetadata>
          <qtimetadata>
            <qtimetadatafield>
              <fieldlabel>question_type</fieldlabel>
              <fieldentry>multiple_choice_question</fieldentry>
            </qtimetadatafield>
            <qtimetadatafield>
              <fieldlabel>points_possible</fieldlabel>
              <fieldentry>1</fieldentry>
            </qtimetadatafield>
            <qtimetadatafield>
              <fieldlabel>assessment_question_identifierref</fieldlabel>
              <fieldentry>654654d015a43_157</fieldentry>
            </qtimetadatafield>
          </qtimetadata>
        </itemmetadata>
        <presentation>
          <material>
            <mattext texttype="text/plain">What is the scope of an automatic variable?</mattext>
          </material>
          <response_lid ident="response1" rcardinality="Single">
            <render_choice shuffle="Yes">
              <response_label ident="158">
                <material>
                  <mattext texttype="text/plain">The block in which it is defined</mattext>
                </material>
              </response_label>
              <response_label ident="159">
                <material>
                  <mattext texttype="text/plain">The function in which it is defined</mattext>
                </material>
              </response_label>
              <response_label ident="160">
                <material>
                  <mattext texttype="text/plain">The file in which it is defined</mattext>
                </material>
              </response_label>
              <response_label ident="161">
                <material>
                  <mattext texttype="text/plain">The application in which it is defined.</mattext>
                </material>
              </response_label>
            </render_choice>
          </response_lid>
        </presentation>
        <resprocessing>
          <outcomes>
            <decvar maxvalue="100" minvalue="0" varname="SCORE" vartype="Decimal"/>
          </outcomes>
          <respcondition continue="No">
            <conditionvar>
              <varequal respident="response1">158</varequal>
            </conditionvar>
            <setvar action="Set" varname="SCORE">100</setvar>
          </respcondition>
        </resprocessing>
      </item>
      <item title="Q11" ident="654654d015a43_162">
        <itemmetadata>
          <qtimetadata>
            <qtimetadatafield>
              <fieldlabel>question_type</fieldlabel>
              <fieldentry>multiple_choice_question</fieldentry>
            </qtimetadatafield>
            <qtimetadatafield>
              <fieldlabel>points_possible</fieldlabel>
              <fieldentry>1</fieldentry>
            </qtimetadatafield>
            <qtimetadatafield>
              <fieldlabel>assessment_question_identifierref</fieldlabel>
              <fieldentry>654654d015a43_163</fieldentry>
            </qtimetadatafield>
          </qtimetadata>
        </itemmetadata>
        <presentation>
          <material>
            <mattext texttype="text/plain">What is the scope of a function parameter variable?</mattext>
          </material>
          <response_lid ident="response1" rcardinality="Single">
            <render_choice shuffle="Yes">
              <response_label ident="164">
                <material>
                  <mattext texttype="text/plain">The block in which it is defined</mattext>
                </material>
              </response_label>
              <response_label ident="165">
                <material>
                  <mattext texttype="text/plain">The function in which it is defined</mattext>
                </material>
              </response_label>
              <response_label ident="166">
                <material>
                  <mattext texttype="text/plain">The file in which it is defined</mattext>
                </material>
              </response_label>
              <response_label ident="167">
                <material>
                  <mattext texttype="text/plain">The application in which it is defined.</mattext>
                </material>
              </response_label>
            </render_choice>
          </response_lid>
        </presentation>
        <resprocessing>
          <outcomes>
            <decvar maxvalue="100" minvalue="0" varname="SCORE" vartype="Decimal"/>
          </outcomes>
          <respcondition continue="No">
            <conditionvar>
              <varequal respident="response1">165</varequal>
            </conditionvar>
            <setvar action="Set" varname="SCORE">100</setvar>
          </respcondition>
        </resprocessing>
      </item>
      <item title="Q12" ident="654654d015a43_168">
        <itemmetadata>
          <qtimetadata>
            <qtimetadatafield>
              <fieldlabel>question_type</fieldlabel>
              <fieldentry>multiple_choice_question</fieldentry>
            </qtimetadatafield>
            <qtimetadatafield>
              <fieldlabel>points_possible</fieldlabel>
              <fieldentry>1</fieldentry>
            </qtimetadatafield>
            <qtimetadatafield>
              <fieldlabel>assessment_question_identifierref</fieldlabel>
              <fieldentry>654654d015a43_169</fieldentry>
            </qtimetadatafield>
          </qtimetadata>
        </itemmetadata>
        <presentation>
          <material>
            <mattext texttype="text/plain">What is the scope of a static variable?</mattext>
          </material>
          <response_lid ident="response1" rcardinality="Single">
            <render_choice shuffle="Yes">
              <response_label ident="170">
                <material>
                  <mattext texttype="text/plain">The block in which it is defined</mattext>
                </material>
              </response_label>
              <response_label ident="171">
                <material>
                  <mattext texttype="text/plain">The function in which it is defined</mattext>
                </material>
              </response_label>
              <response_label ident="172">
                <material>
                  <mattext texttype="text/plain">The file in which it is defined</mattext>
                </material>
              </response_label>
              <response_label ident="173">
                <material>
                  <mattext texttype="text/plain">The application in which it is defined.</mattext>
                </material>
              </response_label>
            </render_choice>
          </response_lid>
        </presentation>
        <resprocessing>
          <outcomes>
            <decvar maxvalue="100" minvalue="0" varname="SCORE" vartype="Decimal"/>
          </outcomes>
          <respcondition continue="No">
            <conditionvar>
              <varequal respident="response1">172</varequal>
            </conditionvar>
            <setvar action="Set" varname="SCORE">100</setvar>
          </respcondition>
        </resprocessing>
      </item>
      <item title="Q13" ident="654654d015a43_174">
        <itemmetadata>
          <qtimetadata>
            <qtimetadatafield>
              <fieldlabel>question_type</fieldlabel>
              <fieldentry>multiple_choice_question</fieldentry>
            </qtimetadatafield>
            <qtimetadatafield>
              <fieldlabel>points_possible</fieldlabel>
              <fieldentry>1</fieldentry>
            </qtimetadatafield>
            <qtimetadatafield>
              <fieldlabel>assessment_question_identifierref</fieldlabel>
              <fieldentry>654654d015a43_175</fieldentry>
            </qtimetadatafield>
          </qtimetadata>
        </itemmetadata>
        <presentation>
          <material>
            <mattext texttype="text/plain">Which of the following web site names is inspired by the situation when
a recursive function mistakenly calls itself an infinite number of times?</mattext>
          </material>
          <response_lid ident="response1" rcardinality="Single">
            <render_choice shuffle="Yes">
              <response_label ident="176">
                <material>
                  <mattext texttype="text/plain">Stack Overflow</mattext>
                </material>
              </response_label>
              <response_label ident="177">
                <material>
                  <mattext texttype="text/plain">Medium</mattext>
                </material>
              </response_label>
              <response_label ident="178">
                <material>
                  <mattext texttype="text/plain">linkedIn</mattext>
                </material>
              </response_label>
              <response_label ident="179">
                <material>
                  <mattext texttype="text/plain">Twitter</mattext>
                </material>
              </response_label>
              <response_label ident="180">
                <material>
                  <mattext texttype="text/plain">W3 Schools</mattext>
                </material>
              </response_label>
            </render_choice>
          </response_lid>
        </presentation>
        <resprocessing>
          <outcomes>
            <decvar maxvalue="100" minvalue="0" varname="SCORE" vartype="Decimal"/>
          </outcomes>
          <respcondition continue="No">
            <conditionvar>
              <varequal respident="response1">176</varequal>
            </conditionvar>
            <setvar action="Set" varname="SCORE">100</setvar>
          </respcondition>
        </resprocessing>
      </item>
      <item title="Q14" ident="654654d015a43_181">
        <itemmetadata>
          <qtimetadata>
            <qtimetadatafield>
              <fieldlabel>question_type</fieldlabel>
              <fieldentry>multiple_choice_question</fieldentry>
            </qtimetadatafield>
            <qtimetadatafield>
              <fieldlabel>points_possible</fieldlabel>
              <fieldentry>1</fieldentry>
            </qtimetadatafield>
            <qtimetadatafield>
              <fieldlabel>assessment_question_identifierref</fieldlabel>
              <fieldentry>654654d015a43_182</fieldentry>
            </qtimetadatafield>
          </qtimetadata>
        </itemmetadata>
        <presentation>
          <material>
            <mattext texttype="text/plain">What is the best data structure to use when implementing a reverse polish
calculator.</mattext>
          </material>
          <response_lid ident="response1" rcardinality="Single">
            <render_choice shuffle="Yes">
              <response_label ident="183">
                <material>
                  <mattext texttype="text/plain">Stack</mattext>
                </material>
              </response_label>
              <response_label ident="184">
                <material>
                  <mattext texttype="text/plain">Hash table</mattext>
                </material>
              </response_label>
              <response_label ident="185">
                <material>
                  <mattext texttype="text/plain">Linked List</mattext>
                </material>
              </response_label>
              <response_label ident="186">
                <material>
                  <mattext texttype="text/plain">FIFO Queue</mattext>
                </material>
              </response_label>
            </render_choice>
          </response_lid>
        </presentation>
        <resprocessing>
          <outcomes>
            <decvar maxvalue="100" minvalue="0" varname="SCORE" vartype="Decimal"/>
          </outcomes>
          <respcondition continue="No">
            <conditionvar>
              <varequal respident="response1">183</varequal>
            </conditionvar>
            <setvar action="Set" varname="SCORE">100</setvar>
          </respcondition>
        </resprocessing>
      </item>
      <item title="Q15" ident="654654d015a43_187">
        <itemmetadata>
          <qtimetadata>
            <qtimetadatafield>
              <fieldlabel>question_type</fieldlabel>
              <fieldentry>multiple_choice_question</fieldentry>
            </qtimetadatafield>
            <qtimetadatafield>
              <fieldlabel>points_possible</fieldlabel>
              <fieldentry>1</fieldentry>
            </qtimetadatafield>
            <qtimetadatafield>
              <fieldlabel>assessment_question_identifierref</fieldlabel>
              <fieldentry>654654d015a43_188</fieldentry>
            </qtimetadatafield>
          </qtimetadata>
        </itemmetadata>
        <presentation>
          <material>
            <mattext texttype="text/plain">What is the element of the C runtime environment that makes recursive function
calls possible?</mattext>
          </material>
          <response_lid ident="response1" rcardinality="Single">
            <render_choice shuffle="Yes">
              <response_label ident="189">
                <material>
                  <mattext texttype="text/plain">Stack</mattext>
                </material>
              </response_label>
              <response_label ident="190">
                <material>
                  <mattext texttype="text/plain">Heap</mattext>
                </material>
              </response_label>
              <response_label ident="191">
                <material>
                  <mattext texttype="text/plain">Garbage Collection</mattext>
                </material>
              </response_label>
              <response_label ident="192">
                <material>
                  <mattext texttype="text/plain">Global Interepreter Lock (GIL)</mattext>
                </material>
              </response_label>
            </render_choice>
          </response_lid>
        </presentation>
        <resprocessing>
          <outcomes>
            <decvar maxvalue="100" minvalue="0" varname="SCORE" vartype="Decimal"/>
          </outcomes>
          <respcondition continue="No">
            <conditionvar>
              <varequal respident="response1">189</varequal>
            </conditionvar>
            <setvar action="Set" varname="SCORE">100</setvar>
          </respcondition>
        </resprocessing>
      </item>
      <item title="Q16" ident="654654d015a43_193">
        <itemmetadata>
          <qtimetadata>
            <qtimetadatafield>
              <fieldlabel>question_type</fieldlabel>
              <fieldentry>multiple_choice_question</fieldentry>
            </qtimetadatafield>
            <qtimetadatafield>
              <fieldlabel>points_possible</fieldlabel>
              <fieldentry>1</fieldentry>
            </qtimetadatafield>
            <qtimetadatafield>
              <fieldlabel>assessment_question_identifierref</fieldlabel>
              <fieldentry>654654d015a43_194</fieldentry>
            </qtimetadatafield>
          </qtimetadata>
        </itemmetadata>
        <presentation>
          <material>
            <mattext texttype="text/plain">Which of these computations is a poor use of recursion?</mattext>
          </material>
          <response_lid ident="response1" rcardinality="Single">
            <render_choice shuffle="Yes">
              <response_label ident="195">
                <material>
                  <mattext texttype="text/plain">Computing the factorial of a number</mattext>
                </material>
              </response_label>
              <response_label ident="196">
                <material>
                  <mattext texttype="text/plain">Parsing mathematical expressions with numbers, operators, and parenthesis</mattext>
                </material>
              </response_label>
              <response_label ident="197">
                <material>
                  <mattext texttype="text/plain">Traversing tree-like structures</mattext>
                </material>
              </response_label>
            </render_choice>
          </response_lid>
        </presentation>
        <resprocessing>
          <outcomes>
            <decvar maxvalue="100" minvalue="0" varname="SCORE" vartype="Decimal"/>
          </outcomes>
          <respcondition continue="No">
            <conditionvar>
              <varequal respident="response1">195</varequal>
            </conditionvar>
            <setvar action="Set" varname="SCORE">100</setvar>
          </respcondition>
        </resprocessing>
      </item>
      <item title="Q17" ident="654654d015a43_198">
        <itemmetadata>
          <qtimetadata>
            <qtimetadatafield>
              <fieldlabel>question_type</fieldlabel>
              <fieldentry>multiple_choice_question</fieldentry>
            </qtimetadatafield>
            <qtimetadatafield>
              <fieldlabel>points_possible</fieldlabel>
              <fieldentry>1</fieldentry>
            </qtimetadatafield>
            <qtimetadatafield>
              <fieldlabel>assessment_question_identifierref</fieldlabel>
              <fieldentry>654654d015a43_199</fieldentry>
            </qtimetadatafield>
          </qtimetadata>
        </itemmetadata>
        <presentation>
          <material>
            <mattext texttype="text/plain">Which of these problems is *not* an example of a problem we solve using C Pre-processor directives?</mattext>
          </material>
          <response_lid ident="response1" rcardinality="Single">
            <render_choice shuffle="Yes">
              <response_label ident="200">
                <material>
                  <mattext texttype="text/plain">Checking the syntax of C code before compiling</mattext>
                </material>
              </response_label>
              <response_label ident="201">
                <material>
                  <mattext texttype="text/plain">Dealing with extensions which differ from one C compiler to another</mattext>
                </material>
              </response_label>
              <response_label ident="202">
                <material>
                  <mattext texttype="text/plain">Generating different code for different variants of the C language</mattext>
                </material>
              </response_label>
              <response_label ident="203">
                <material>
                  <mattext texttype="text/plain">Matching our C code to different library support in different operating systems</mattext>
                </material>
              </response_label>
            </render_choice>
          </response_lid>
        </presentation>
        <resprocessing>
          <outcomes>
            <decvar maxvalue="100" minvalue="0" varname="SCORE" vartype="Decimal"/>
          </outcomes>
          <respcondition continue="No">
            <conditionvar>
              <varequal respident="response1">200</varequal>
            </conditionvar>
            <setvar action="Set" varname="SCORE">100</setvar>
          </respcondition>
        </resprocessing>
      </item>
      <item title="Q18" ident="654654d015a43_204">
        <itemmetadata>
          <qtimetadata>
            <qtimetadatafield>
              <fieldlabel>question_type</fieldlabel>
              <fieldentry>multiple_answers_question</fieldentry>
            </qtimetadatafield>
            <qtimetadatafield>
              <fieldlabel>points_possible</fieldlabel>
              <fieldentry>1</fieldentry>
            </qtimetadatafield>
            <qtimetadatafield>
              <fieldlabel>assessment_question_identifierref</fieldlabel>
              <fieldentry>654654d015a43_205</fieldentry>
            </qtimetadatafield>
          </qtimetadata>
        </itemmetadata>
        <presentation>
          <material>
            <mattext texttype="text/plain">(challenge question) Why does the 'lint' tool exist?</mattext>
          </material>
          <response_lid ident="response1" rcardinality="Multiple">
            <render_choice shuffle="Yes">
              <response_label ident="206">
                <material>
                  <mattext texttype="text/plain">In order to keep the c-compiler small and fast</mattext>
                </material>
              </response_label>
              <response_label ident="207">
                <material>
                  <mattext texttype="text/plain">To scan code to make sure that variable types match between function calls and the functions definitions</mattext>
                </material>
              </response_label>
              <response_label ident="208">
                <material>
                  <mattext texttype="text/plain">To allow the compiler to run using less memory</mattext>
                </material>
              </response_label>
              <response_label ident="209">
                <material>
                  <mattext texttype="text/plain">To check for possible logic errors in the code</mattext>
                </material>
              </response_label>
              <response_label ident="210">
                <material>
                  <mattext texttype="text/plain">To insure that small bits of 'cruft' are removed from clothing</mattext>
                </material>
              </response_label>
            </render_choice>
          </response_lid>
        </presentation>
        <resprocessing>
          <outcomes>
            <decvar maxvalue="100" minvalue="0" varname="SCORE" vartype="Decimal"/>
          </outcomes>
          <respcondition continue="No">
            <conditionvar>
              <and>
                <varequal respident="response1">206</varequal>
                <varequal respident="response1">207</varequal>
                <varequal respident="response1">208</varequal>
                <varequal respident="response1">209</varequal>
                <not>
                  <varequal respident="response1">210</varequal>
                </not>
              </and>
            </conditionvar>
            <setvar action="Set" varname="SCORE">100</setvar>
          </respcondition>
        </resprocessing>
      </item>
      <item title="Q19" ident="654654d015a43_211">
        <itemmetadata>
          <qtimetadata>
            <qtimetadatafield>
              <fieldlabel>question_type</fieldlabel>
              <fieldentry>multiple_choice_question</fieldentry>
            </qtimetadatafield>
            <qtimetadatafield>
              <fieldlabel>points_possible</fieldlabel>
              <fieldentry>1</fieldentry>
            </qtimetadatafield>
            <qtimetadatafield>
              <fieldlabel>assessment_question_identifierref</fieldlabel>
              <fieldentry>654654d015a43_212</fieldentry>
            </qtimetadatafield>
          </qtimetadata>
        </itemmetadata>
        <presentation>
          <material>
            <mattext texttype="text/plain">What is the output of the C pre-processor?</mattext>
          </material>
          <response_lid ident="response1" rcardinality="Single">
            <render_choice shuffle="Yes">
              <response_label ident="213">
                <material>
                  <mattext texttype="text/plain">C Source Code</mattext>
                </material>
              </response_label>
              <response_label ident="214">
                <material>
                  <mattext texttype="text/plain">Assembly language</mattext>
                </material>
              </response_label>
              <response_label ident="215">
                <material>
                  <mattext texttype="text/plain">Machine code</mattext>
                </material>
              </response_label>
              <response_label ident="216">
                <material>
                  <mattext texttype="text/plain">Pre-optimization intermediate code</mattext>
                </material>
              </response_label>
            </render_choice>
          </response_lid>
        </presentation>
        <resprocessing>
          <outcomes>
            <decvar maxvalue="100" minvalue="0" varname="SCORE" vartype="Decimal"/>
          </outcomes>
          <respcondition continue="No">
            <conditionvar>
              <varequal respident="response1">213</varequal>
            </conditionvar>
            <setvar action="Set" varname="SCORE">100</setvar>
          </respcondition>
        </resprocessing>
      </item>
      <item title="Q20" ident="654654d015a43_217">
        <itemmetadata>
          <qtimetadata>
            <qtimetadatafield>
              <fieldlabel>question_type</fieldlabel>
              <fieldentry>multiple_choice_question</fieldentry>
            </qtimetadatafield>
            <qtimetadatafield>
              <fieldlabel>points_possible</fieldlabel>
              <fieldentry>1</fieldentry>
            </qtimetadatafield>
            <qtimetadatafield>
              <fieldlabel>assessment_question_identifierref</fieldlabel>
              <fieldentry>654654d015a43_218</fieldentry>
            </qtimetadatafield>
          </qtimetadata>
        </itemmetadata>
        <presentation>
          <material>
            <mattext texttype="text/plain">Which of the following commands are handled by the C pre-processor?</mattext>
          </material>
          <response_lid ident="response1" rcardinality="Single">
            <render_choice shuffle="Yes">
              <response_label ident="219">
                <material>
                  <mattext texttype="text/plain">#ifdef</mattext>
                </material>
              </response_label>
              <response_label ident="220">
                <material>
                  <mattext texttype="text/plain">break</mattext>
                </material>
              </response_label>
              <response_label ident="221">
                <material>
                  <mattext texttype="text/plain">continue</mattext>
                </material>
              </response_label>
              <response_label ident="222">
                <material>
                  <mattext texttype="text/plain">#while</mattext>
                </material>
              </response_label>
              <response_label ident="223">
                <material>
                  <mattext texttype="text/plain">elif :</mattext>
                </material>
              </response_label>
            </render_choice>
          </response_lid>
        </presentation>
        <resprocessing>
          <outcomes>
            <decvar maxvalue="100" minvalue="0" varname="SCORE" vartype="Decimal"/>
          </outcomes>
          <respcondition continue="No">
            <conditionvar>
              <varequal respident="response1">219</varequal>
            </conditionvar>
            <setvar action="Set" varname="SCORE">100</setvar>
          </respcondition>
        </resprocessing>
      </item>
    </section>
  </assessment>
</questestinterop>
