<?xml version="1.0" encoding="UTF-8"?>
<questestinterop xmlns="http://www.imsglobal.org/xsd/ims_qtiasiv1p2" xmlns:xsi="http://www.w3.org/2001/XMLSchema-instance" xsi:schemaLocation="http://www.imsglobal.org/xsd/ims_qtiasiv1p2 http://www.imsglobal.org/xsd/ims_qtiasiv1p2p1.xsd">
  <assessment ident="6546596c3f3d7" title="gift">
    <section ident="root_section">
      <item title="Q7" ident="6546596c3f3d7_100">
        <itemmetadata>
          <qtimetadata>
            <qtimetadatafield>
              <fieldlabel>question_type</fieldlabel>
              <fieldentry>multiple_choice_question</fieldentry>
            </qtimetadatafield>
            <qtimetadatafield>
              <fieldlabel>points_possible</fieldlabel>
              <fieldentry>1</fieldentry>
            </qtimetadatafield>
            <qtimetadatafield>
              <fieldlabel>assessment_question_identifierref</fieldlabel>
              <fieldentry>6546596c3f3d7_101</fieldentry>
            </qtimetadatafield>
          </qtimetadata>
        </itemmetadata>
        <presentation>
          <material>
            <mattext texttype="text/html">What is the routine we use to allocate dynamic memory in C?</mattext>
          </material>
          <response_lid ident="response1" rcardinality="Single">
            <render_choice shuffle="Yes">
              <response_label ident="102">
                <material>
                  <mattext texttype="text/html">malloc()</mattext>
                </material>
              </response_label>
              <response_label ident="103">
                <material>
                  <mattext texttype="text/html">challoc()</mattext>
                </material>
              </response_label>
              <response_label ident="104">
                <material>
                  <mattext texttype="text/html">Allocate()</mattext>
                </material>
              </response_label>
              <response_label ident="105">
                <material>
                  <mattext texttype="text/html">free()</mattext>
                </material>
              </response_label>
            </render_choice>
          </response_lid>
        </presentation>
        <resprocessing>
          <outcomes>
            <decvar maxvalue="100" minvalue="0" varname="SCORE" vartype="Decimal"/>
          </outcomes>
          <respcondition continue="No">
            <conditionvar>
              <varequal respident="response1">102</varequal>
            </conditionvar>
            <setvar action="Set" varname="SCORE">100</setvar>
          </respcondition>
        </resprocessing>
      </item>
      <item title="Q8" ident="6546596c3f3d7_106">
        <itemmetadata>
          <qtimetadata>
            <qtimetadatafield>
              <fieldlabel>question_type</fieldlabel>
              <fieldentry>multiple_choice_question</fieldentry>
            </qtimetadatafield>
            <qtimetadatafield>
              <fieldlabel>points_possible</fieldlabel>
              <fieldentry>1</fieldentry>
            </qtimetadatafield>
            <qtimetadatafield>
              <fieldlabel>assessment_question_identifierref</fieldlabel>
              <fieldentry>6546596c3f3d7_107</fieldentry>
            </qtimetadatafield>
          </qtimetadata>
        </itemmetadata>
        <presentation>
          <material>
            <mattext texttype="text/html">When you are allocating dynamic memory in C, what is the unit of allocation?</mattext>
          </material>
          <response_lid ident="response1" rcardinality="Single">
            <render_choice shuffle="Yes">
              <response_label ident="108">
                <material>
                  <mattext texttype="text/html">char</mattext>
                </material>
              </response_label>
              <response_label ident="109">
                <material>
                  <mattext texttype="text/html">int</mattext>
                </material>
              </response_label>
              <response_label ident="110">
                <material>
                  <mattext texttype="text/html">long</mattext>
                </material>
              </response_label>
              <response_label ident="111">
                <material>
                  <mattext texttype="text/html">byte</mattext>
                </material>
              </response_label>
            </render_choice>
          </response_lid>
        </presentation>
        <resprocessing>
          <outcomes>
            <decvar maxvalue="100" minvalue="0" varname="SCORE" vartype="Decimal"/>
          </outcomes>
          <respcondition continue="No">
            <conditionvar>
              <varequal respident="response1">108</varequal>
            </conditionvar>
            <setvar action="Set" varname="SCORE">100</setvar>
          </respcondition>
        </resprocessing>
      </item>
      <item title="Q9" ident="6546596c3f3d7_112">
        <itemmetadata>
          <qtimetadata>
            <qtimetadatafield>
              <fieldlabel>question_type</fieldlabel>
              <fieldentry>multiple_choice_question</fieldentry>
            </qtimetadatafield>
            <qtimetadatafield>
              <fieldlabel>points_possible</fieldlabel>
              <fieldentry>1</fieldentry>
            </qtimetadatafield>
            <qtimetadatafield>
              <fieldlabel>assessment_question_identifierref</fieldlabel>
              <fieldentry>6546596c3f3d7_113</fieldentry>
            </qtimetadatafield>
          </qtimetadata>
        </itemmetadata>
        <presentation>
          <material>
            <mattext texttype="text/html">What is wrong with this code?
&lt;pre&gt;
struct lnode {
    char *text;
    struct lnode *next;
};
&lt;/pre&gt;</mattext>
          </material>
          <response_lid ident="response1" rcardinality="Single">
            <render_choice shuffle="Yes">
              <response_label ident="114">
                <material>
                  <mattext texttype="text/html">Nothing is wrong with this code</mattext>
                </material>
              </response_label>
              <response_label ident="115">
                <material>
                  <mattext texttype="text/html">You cannot have a semicolon after a struct definition</mattext>
                </material>
              </response_label>
              <response_label ident="116">
                <material>
                  <mattext texttype="text/html">You should not have a semicolon after the last member variable defined in a structure</mattext>
                </material>
              </response_label>
              <response_label ident="117">
                <material>
                  <mattext texttype="text/html">You cannot allocate pointers to a structure within the definition of a structure</mattext>
                </material>
              </response_label>
            </render_choice>
          </response_lid>
        </presentation>
        <resprocessing>
          <outcomes>
            <decvar maxvalue="100" minvalue="0" varname="SCORE" vartype="Decimal"/>
          </outcomes>
          <respcondition continue="No">
            <conditionvar>
              <varequal respident="response1">114</varequal>
            </conditionvar>
            <setvar action="Set" varname="SCORE">100</setvar>
          </respcondition>
        </resprocessing>
      </item>
      <item title="Q10" ident="6546596c3f3d7_118">
        <itemmetadata>
          <qtimetadata>
            <qtimetadatafield>
              <fieldlabel>question_type</fieldlabel>
              <fieldentry>multiple_choice_question</fieldentry>
            </qtimetadatafield>
            <qtimetadatafield>
              <fieldlabel>points_possible</fieldlabel>
              <fieldentry>1</fieldentry>
            </qtimetadatafield>
            <qtimetadatafield>
              <fieldlabel>assessment_question_identifierref</fieldlabel>
              <fieldentry>6546596c3f3d7_119</fieldentry>
            </qtimetadatafield>
          </qtimetadata>
        </itemmetadata>
        <presentation>
          <material>
            <mattext texttype="text/html">How do we know we have reached the end of a linked list in C?</mattext>
          </material>
          <response_lid ident="response1" rcardinality="Single">
            <render_choice shuffle="Yes">
              <response_label ident="120">
                <material>
                  <mattext texttype="text/html">The &amp;quot;next&amp;quot; pointer in the item we are looking at is NULL</mattext>
                </material>
              </response_label>
              <response_label ident="121">
                <material>
                  <mattext texttype="text/html">We check the length of the pre-allocated list array</mattext>
                </material>
              </response_label>
              <response_label ident="122">
                <material>
                  <mattext texttype="text/html">We attempt to access the next item and it fails, triggering a catch block</mattext>
                </material>
              </response_label>
              <response_label ident="123">
                <material>
                  <mattext texttype="text/html">The return value for the call is -1 or 0</mattext>
                </material>
              </response_label>
            </render_choice>
          </response_lid>
        </presentation>
        <resprocessing>
          <outcomes>
            <decvar maxvalue="100" minvalue="0" varname="SCORE" vartype="Decimal"/>
          </outcomes>
          <respcondition continue="No">
            <conditionvar>
              <varequal respident="response1">120</varequal>
            </conditionvar>
            <setvar action="Set" varname="SCORE">100</setvar>
          </respcondition>
        </resprocessing>
      </item>
      <item title="Q11" ident="6546596c3f3d7_124">
        <itemmetadata>
          <qtimetadata>
            <qtimetadatafield>
              <fieldlabel>question_type</fieldlabel>
              <fieldentry>multiple_choice_question</fieldentry>
            </qtimetadatafield>
            <qtimetadatafield>
              <fieldlabel>points_possible</fieldlabel>
              <fieldentry>1</fieldentry>
            </qtimetadatafield>
            <qtimetadatafield>
              <fieldlabel>assessment_question_identifierref</fieldlabel>
              <fieldentry>6546596c3f3d7_125</fieldentry>
            </qtimetadatafield>
          </qtimetadata>
        </itemmetadata>
        <presentation>
          <material>
            <mattext texttype="text/html">What is a typical reason to use a doubly linked list over a singly linked list?</mattext>
          </material>
          <response_lid ident="response1" rcardinality="Single">
            <render_choice shuffle="Yes">
              <response_label ident="126">
                <material>
                  <mattext texttype="text/html">So you can traverse the list in reverse</mattext>
                </material>
              </response_label>
              <response_label ident="127">
                <material>
                  <mattext texttype="text/html">To save memory by combining two pointers into one</mattext>
                </material>
              </response_label>
              <response_label ident="128">
                <material>
                  <mattext texttype="text/html">It is quicker to scan for a value in the list</mattext>
                </material>
              </response_label>
              <response_label ident="129">
                <material>
                  <mattext texttype="text/html">Each entry can store two string values in a doubly linked list</mattext>
                </material>
              </response_label>
            </render_choice>
          </response_lid>
        </presentation>
        <resprocessing>
          <outcomes>
            <decvar maxvalue="100" minvalue="0" varname="SCORE" vartype="Decimal"/>
          </outcomes>
          <respcondition continue="No">
            <conditionvar>
              <varequal respident="response1">126</varequal>
            </conditionvar>
            <setvar action="Set" varname="SCORE">100</setvar>
          </respcondition>
        </resprocessing>
      </item>
      <item title="Q12" ident="6546596c3f3d7_130">
        <itemmetadata>
          <qtimetadata>
            <qtimetadatafield>
              <fieldlabel>question_type</fieldlabel>
              <fieldentry>multiple_choice_question</fieldentry>
            </qtimetadatafield>
            <qtimetadatafield>
              <fieldlabel>points_possible</fieldlabel>
              <fieldentry>1</fieldentry>
            </qtimetadatafield>
            <qtimetadatafield>
              <fieldlabel>assessment_question_identifierref</fieldlabel>
              <fieldentry>6546596c3f3d7_131</fieldentry>
            </qtimetadatafield>
          </qtimetadata>
        </itemmetadata>
        <presentation>
          <material>
            <mattext texttype="text/html">The primary difference between a C union and a C structure is:</mattext>
          </material>
          <response_lid ident="response1" rcardinality="Single">
            <render_choice shuffle="Yes">
              <response_label ident="132">
                <material>
                  <mattext texttype="text/html">The union allocates the members in a single overlapped memory space</mattext>
                </material>
              </response_label>
              <response_label ident="133">
                <material>
                  <mattext texttype="text/html">The structure allocates the members in a single overlapped memory space</mattext>
                </material>
              </response_label>
              <response_label ident="134">
                <material>
                  <mattext texttype="text/html">Strings are compressed in a union to save space</mattext>
                </material>
              </response_label>
              <response_label ident="135">
                <material>
                  <mattext texttype="text/html">A union can look up member values by passing a string to the getitem() function</mattext>
                </material>
              </response_label>
              <response_label ident="136">
                <material>
                  <mattext texttype="text/html">A union will expand when new data members are added after allocation</mattext>
                </material>
              </response_label>
            </render_choice>
          </response_lid>
        </presentation>
        <resprocessing>
          <outcomes>
            <decvar maxvalue="100" minvalue="0" varname="SCORE" vartype="Decimal"/>
          </outcomes>
          <respcondition continue="No">
            <conditionvar>
              <varequal respident="response1">132</varequal>
            </conditionvar>
            <setvar action="Set" varname="SCORE">100</setvar>
          </respcondition>
        </resprocessing>
      </item>
      <item title="Q13" ident="6546596c3f3d7_137">
        <itemmetadata>
          <qtimetadata>
            <qtimetadatafield>
              <fieldlabel>question_type</fieldlabel>
              <fieldentry>multiple_choice_question</fieldentry>
            </qtimetadatafield>
            <qtimetadatafield>
              <fieldlabel>points_possible</fieldlabel>
              <fieldentry>1</fieldentry>
            </qtimetadatafield>
            <qtimetadatafield>
              <fieldlabel>assessment_question_identifierref</fieldlabel>
              <fieldentry>6546596c3f3d7_138</fieldentry>
            </qtimetadatafield>
          </qtimetadata>
        </itemmetadata>
        <presentation>
          <material>
            <mattext texttype="text/html">When you are using bit fields in an C union, what aspect of computer architecture must be considered?</mattext>
          </material>
          <response_lid ident="response1" rcardinality="Single">
            <render_choice shuffle="Yes">
              <response_label ident="139">
                <material>
                  <mattext texttype="text/html">The endianness of memory storage</mattext>
                </material>
              </response_label>
              <response_label ident="140">
                <material>
                  <mattext texttype="text/html">The relative sizes of int and pointer values</mattext>
                </material>
              </response_label>
              <response_label ident="141">
                <material>
                  <mattext texttype="text/html">Whether or not floating point is supported in hardware</mattext>
                </material>
              </response_label>
              <response_label ident="142">
                <material>
                  <mattext texttype="text/html">Whether or not stack frames are allocated upwards or downwards in memory</mattext>
                </material>
              </response_label>
            </render_choice>
          </response_lid>
        </presentation>
        <resprocessing>
          <outcomes>
            <decvar maxvalue="100" minvalue="0" varname="SCORE" vartype="Decimal"/>
          </outcomes>
          <respcondition continue="No">
            <conditionvar>
              <varequal respident="response1">139</varequal>
            </conditionvar>
            <setvar action="Set" varname="SCORE">100</setvar>
          </respcondition>
        </resprocessing>
      </item>
      <item title="Q14" ident="6546596c3f3d7_143">
        <itemmetadata>
          <qtimetadata>
            <qtimetadatafield>
              <fieldlabel>question_type</fieldlabel>
              <fieldentry>multiple_choice_question</fieldentry>
            </qtimetadatafield>
            <qtimetadatafield>
              <fieldlabel>points_possible</fieldlabel>
              <fieldentry>1</fieldentry>
            </qtimetadatafield>
            <qtimetadatafield>
              <fieldlabel>assessment_question_identifierref</fieldlabel>
              <fieldentry>6546596c3f3d7_144</fieldentry>
            </qtimetadatafield>
          </qtimetadata>
        </itemmetadata>
        <presentation>
          <material>
            <mattext texttype="text/html">What is the simple hashing function used in Section 6.6 of the
K&amp;amp;R textbook?</mattext>
          </material>
          <response_lid ident="response1" rcardinality="Single">
            <render_choice shuffle="Yes">
              <response_label ident="145">
                <material>
                  <mattext texttype="text/html">Sum up character values and apply the modulo operator</mattext>
                </material>
              </response_label>
              <response_label ident="146">
                <material>
                  <mattext texttype="text/html">Use the built-in MD5 computation</mattext>
                </material>
              </response_label>
              <response_label ident="147">
                <material>
                  <mattext texttype="text/html">Use a union to view character data as floating point numbers and pass them to an elliptical random number generator</mattext>
                </material>
              </response_label>
              <response_label ident="148">
                <material>
                  <mattext texttype="text/html">Use the SHA-256 algorithm and a modulo operator</mattext>
                </material>
              </response_label>
            </render_choice>
          </response_lid>
        </presentation>
        <resprocessing>
          <outcomes>
            <decvar maxvalue="100" minvalue="0" varname="SCORE" vartype="Decimal"/>
          </outcomes>
          <respcondition continue="No">
            <conditionvar>
              <varequal respident="response1">145</varequal>
            </conditionvar>
            <setvar action="Set" varname="SCORE">100</setvar>
          </respcondition>
        </resprocessing>
      </item>
      <item title="Q15" ident="6546596c3f3d7_149">
        <itemmetadata>
          <qtimetadata>
            <qtimetadatafield>
              <fieldlabel>question_type</fieldlabel>
              <fieldentry>multiple_choice_question</fieldentry>
            </qtimetadatafield>
            <qtimetadatafield>
              <fieldlabel>points_possible</fieldlabel>
              <fieldentry>1</fieldentry>
            </qtimetadatafield>
            <qtimetadatafield>
              <fieldlabel>assessment_question_identifierref</fieldlabel>
              <fieldentry>6546596c3f3d7_150</fieldentry>
            </qtimetadatafield>
          </qtimetadata>
        </itemmetadata>
        <presentation>
          <material>
            <mattext texttype="text/html">Why would one use a binary tree to store data instead of a linked list?</mattext>
          </material>
          <response_lid ident="response1" rcardinality="Single">
            <render_choice shuffle="Yes">
              <response_label ident="151">
                <material>
                  <mattext texttype="text/html">To avoid quadratic running time</mattext>
                </material>
              </response_label>
              <response_label ident="152">
                <material>
                  <mattext texttype="text/html">To reduce memory use</mattext>
                </material>
              </response_label>
              <response_label ident="153">
                <material>
                  <mattext texttype="text/html">To impress an interviewer in a programming interview</mattext>
                </material>
              </response_label>
              <response_label ident="154">
                <material>
                  <mattext texttype="text/html">Because it does not require the use of self-referential pointers</mattext>
                </material>
              </response_label>
            </render_choice>
          </response_lid>
        </presentation>
        <resprocessing>
          <outcomes>
            <decvar maxvalue="100" minvalue="0" varname="SCORE" vartype="Decimal"/>
          </outcomes>
          <respcondition continue="No">
            <conditionvar>
              <varequal respident="response1">151</varequal>
            </conditionvar>
            <setvar action="Set" varname="SCORE">100</setvar>
          </respcondition>
        </resprocessing>
      </item>
      <item title="Q16" ident="6546596c3f3d7_155">
        <itemmetadata>
          <qtimetadata>
            <qtimetadatafield>
              <fieldlabel>question_type</fieldlabel>
              <fieldentry>multiple_choice_question</fieldentry>
            </qtimetadatafield>
            <qtimetadatafield>
              <fieldlabel>points_possible</fieldlabel>
              <fieldentry>1</fieldentry>
            </qtimetadatafield>
            <qtimetadatafield>
              <fieldlabel>assessment_question_identifierref</fieldlabel>
              <fieldentry>6546596c3f3d7_156</fieldentry>
            </qtimetadatafield>
          </qtimetadata>
        </itemmetadata>
        <presentation>
          <material>
            <mattext texttype="text/html">In Section 6.6 of K&amp;amp;R, what other data structure is being used to implement a hash map to store key/value pairs?</mattext>
          </material>
          <response_lid ident="response1" rcardinality="Single">
            <render_choice shuffle="Yes">
              <response_label ident="157">
                <material>
                  <mattext texttype="text/html">A linked list</mattext>
                </material>
              </response_label>
              <response_label ident="158">
                <material>
                  <mattext texttype="text/html">A doubly linked list</mattext>
                </material>
              </response_label>
              <response_label ident="159">
                <material>
                  <mattext texttype="text/html">A binary tree</mattext>
                </material>
              </response_label>
              <response_label ident="160">
                <material>
                  <mattext texttype="text/html">An AVL tree</mattext>
                </material>
              </response_label>
            </render_choice>
          </response_lid>
        </presentation>
        <resprocessing>
          <outcomes>
            <decvar maxvalue="100" minvalue="0" varname="SCORE" vartype="Decimal"/>
          </outcomes>
          <respcondition continue="No">
            <conditionvar>
              <varequal respident="response1">157</varequal>
            </conditionvar>
            <setvar action="Set" varname="SCORE">100</setvar>
          </respcondition>
        </resprocessing>
      </item>
      <item title="Q17" ident="6546596c3f3d7_161">
        <itemmetadata>
          <qtimetadata>
            <qtimetadatafield>
              <fieldlabel>question_type</fieldlabel>
              <fieldentry>multiple_choice_question</fieldentry>
            </qtimetadatafield>
            <qtimetadatafield>
              <fieldlabel>points_possible</fieldlabel>
              <fieldentry>1</fieldentry>
            </qtimetadatafield>
            <qtimetadatafield>
              <fieldlabel>assessment_question_identifierref</fieldlabel>
              <fieldentry>6546596c3f3d7_162</fieldentry>
            </qtimetadatafield>
          </qtimetadata>
        </itemmetadata>
        <presentation>
          <material>
            <mattext texttype="text/html">What computer science concept is difficult to explain in general
and ignored in Dr. Chuck&amp;apos;s Python book, but demonstrated simply and
beautifully in Section 6.5.2 in the K&amp;amp;R textbook?</mattext>
          </material>
          <response_lid ident="response1" rcardinality="Single">
            <render_choice shuffle="Yes">
              <response_label ident="163">
                <material>
                  <mattext texttype="text/html">Recursion</mattext>
                </material>
              </response_label>
              <response_label ident="164">
                <material>
                  <mattext texttype="text/html">Turing computability</mattext>
                </material>
              </response_label>
              <response_label ident="165">
                <material>
                  <mattext texttype="text/html">NP-Completeness</mattext>
                </material>
              </response_label>
              <response_label ident="166">
                <material>
                  <mattext texttype="text/html">Floating point formats</mattext>
                </material>
              </response_label>
            </render_choice>
          </response_lid>
        </presentation>
        <resprocessing>
          <outcomes>
            <decvar maxvalue="100" minvalue="0" varname="SCORE" vartype="Decimal"/>
          </outcomes>
          <respcondition continue="No">
            <conditionvar>
              <varequal respident="response1">163</varequal>
            </conditionvar>
            <setvar action="Set" varname="SCORE">100</setvar>
          </respcondition>
        </resprocessing>
      </item>
    </section>
  </assessment>
</questestinterop>
